PLAYER_ID,PLAYER_NAME,NICKNAME,TEAM_ID,TEAM_ABBREVIATION,AGE,GP,W,L,W_PCT,MIN,FGM,FGA,FG_PCT,FG3M,FG3A,FG3_PCT,FTM,FTA,FT_PCT,OREB,DREB,REB,AST,TOV,STL,BLK,BLKA,PF,PFD,PTS,PLUS_MINUS,NBA_FANTASY_PTS,DD2,TD3,WNBA_FANTASY_PTS,FP_HIGH_SCORE,GP_RANK,W_RANK,L_RANK,W_PCT_RANK,MIN_RANK,FGM_RANK,FGA_RANK,FG_PCT_RANK,FG3M_RANK,FG3A_RANK,FG3_PCT_RANK,FTM_RANK,FTA_RANK,FT_PCT_RANK,OREB_RANK,DREB_RANK,REB_RANK,AST_RANK,TOV_RANK,STL_RANK,BLK_RANK,BLKA_RANK,PF_RANK,PFD_RANK,PTS_RANK,PLUS_MINUS_RANK,NBA_FANTASY_PTS_RANK,DD2_RANK,TD3_RANK,WNBA_FANTASY_PTS_RANK,FP_HIGH_SCORE_RANK,TEAM_COUNT,TS_PCT,EFG_PCT,THREE_PA_RATE,FTA_RATE
203932,Aaron Gordon,Aaron,1610612743,DEN,30.0,36,27,9,0.75,27.9,5.5,11.1,0.497,1.7,4.4,0.389,3.5,4.5,0.767,1.4,4.4,5.8,2.7,1.1,0.6,0.3,0.4,1.7,3.4,16.2,7.6,28.7,4,0,28.1,29.9,384,225,455,46,129,101,119,168,128,151,123,54,52,309,115,82,82,162,246,325,295,254,274,66,88,12,113,114,38,111,124,1,0.6192660550458715,0.5720720720720721,0.39639639639639646,0.40540540540540543
1641708,Amen Thompson,Amen,1610612745,HOU,23.0,79,49,30,0.62,37.4,7.1,13.2,0.534,0.3,1.5,0.216,3.8,4.9,0.779,3.0,4.8,7.8,5.3,2.4,1.5,0.6,0.9,2.2,3.7,18.3,4.7,39.5,20,0,35.9,43.0,25,37,172,160,2,46,71,99,438,407,483,45,44,281,23,65,35,45,52,24,126,44,140,48,60,49,35,21,38,41,33,1,0.5958582964313623,0.5492424242424243,0.11363636363636365,0.37121212121212127
203952,Andrew Wiggins,Andrew,1610612748,MIA,31.0,68,35,33,0.515,30.3,5.7,12.1,0.475,2.0,4.9,0.414,1.9,2.4,0.784,1.7,3.1,4.8,2.7,1.5,1.1,1.0,0.6,2.3,1.9,15.4,0.1,30.1,2,0,29.2,32.0,135,162,135,290,82,87,92,229,81,116,63,148,157,270,83,182,148,161,148,87,40,124,122,180,93,241,99,159,38,97,103,1,0.5852842809364549,0.5537190082644629,0.40495867768595045,0.19834710743801653
1629014,Anfernee Simons,Anfernee,1610612741,CHI,27.0,55,31,24,0.564,24.9,5.2,11.8,0.44,2.7,6.9,0.385,1.3,1.4,0.896,0.6,1.9,2.5,2.4,1.2,0.5,0.1,0.5,1.7,1.1,14.3,1.8,21.5,0,0,23.1,23.5,258,188,258,227,191,121,98,349,36,34,137,237,282,59,354,351,375,193,214,392,422,176,278,317,109,134,208,284,38,165,197,2,0.5758698453608248,0.5550847457627119,0.5847457627118644,0.11864406779661016
1630162,Anthony Edwards,Anthony,1610612750,MIN,24.0,61,37,24,0.607,35.0,9.9,20.2,0.489,3.4,8.4,0.399,5.7,7.2,0.796,0.6,4.4,5.0,3.7,2.9,1.4,0.8,0.5,1.9,4.5,28.8,2.7,43.9,2,0,45.1,47.7,210,136,258,170,10,7,4,187,6,11,99,17,14,237,343,85,141,90,26,44,74,198,226,29,3,100,15,159,38,10,18,1,0.6162273194111606,0.5742574257425742,0.4158415841584159,0.3564356435643565
1630559,Austin Reaves,Austin,1610612747,LAL,28.0,51,36,15,0.706,34.5,7.3,14.9,0.49,2.3,6.4,0.36,6.3,7.3,0.871,0.6,4.1,4.7,5.5,3.0,1.1,0.4,0.7,2.2,5.4,23.3,3.6,38.7,6,0,38.8,43.4,291,151,382,82,16,38,47,185,62,51,223,10,13,97,328,103,155,38,21,96,212,78,157,14,24,70,37,84,38,31,31,1,0.6432199646643109,0.5671140939597314,0.42953020134228187,0.4899328859060402
1628389,Bam Adebayo,Bam,1610612748,MIA,28.0,73,37,36,0.507,32.4,6.9,15.7,0.442,1.7,5.5,0.318,4.5,5.8,0.778,2.0,8.0,10.0,3.2,1.6,1.2,0.7,0.5,1.7,4.6,20.1,4.5,40.8,35,0,38.8,42.0,78,136,102,301,45,52,37,343,124,86,369,36,30,284,60,7,15,129,130,75,109,177,292,26,43,51,25,8,38,32,38,1,0.5506245890861277,0.49363057324840764,0.35031847133757965,0.3694267515923567
203078,Bradley Beal,Bradley,1610612746,LAC,33.0,6,2,4,0.333,20.2,3.0,8.0,0.375,1.2,3.2,0.368,1.0,1.3,0.75,0.3,0.5,0.8,1.7,1.5,0.5,0.0,0.2,2.3,1.8,8.2,-3.8,11.7,0,0,12.8,13.8,527,526,509,419,289,280,206,513,224,236,192,286,290,333,467,550,542,278,150,373,524,445,108,183,277,487,403,284,38,375,381,1,0.47830144657022866,0.45,0.4,0.1625
1627742,Brandon Ingram,Brandon,1610612761,TOR,28.0,77,43,34,0.558,33.8,8.0,16.7,0.477,1.8,4.6,0.382,3.8,4.6,0.82,0.8,4.8,5.6,3.7,2.4,0.8,0.7,0.9,1.9,3.6,21.5,0.6,35.7,2,0,35.5,38.9,37,75,125,234,22,25,26,221,120,133,150,47,49,199,256,67,95,91,50,233,97,41,229,53,30,211,49,159,38,43,51,1,0.5741294595171972,0.532934131736527,0.2754491017964072,0.2754491017964072
1641706,Brandon Miller,Brandon,1610612766,CHA,23.0,65,41,24,0.631,30.3,7.0,16.1,0.435,3.1,8.2,0.383,3.1,3.4,0.892,1.1,3.8,4.9,3.3,2.5,1.0,0.7,0.5,2.8,2.7,20.2,5.7,33.6,3,0,34.9,36.8,166,97,258,148,84,50,32,366,13,13,149,69,81,67,176,126,144,112,42,118,107,197,42,95,42,34,67,128,38,45,65,1,0.5739940895658104,0.531055900621118,0.5093167701863354,0.21118012422360247
1627741,Buddy Hield,Buddy,1610612737,ATL,33.0,51,25,26,0.49,16.1,2.8,6.4,0.437,1.5,4.2,0.349,0.6,0.7,0.811,0.5,1.7,2.3,1.4,0.9,0.8,0.2,0.2,1.1,0.3,7.6,-1.7,14.3,0,0,14.6,15.5,291,243,232,332,370,300,284,359,170,166,260,411,430,213,370,387,397,331,285,225,389,402,440,520,297,388,355,284,38,338,349,2,0.5664877757901013,0.5546874999999999,0.65625,0.10937499999999999
203468,CJ McCollum,CJ,1610612737,ATL,34.0,76,37,39,0.487,29.8,6.9,15.2,0.455,2.5,6.7,0.375,2.4,3.1,0.772,0.8,2.5,3.3,3.9,1.8,0.8,0.5,0.6,1.9,2.2,18.7,1.2,30.6,0,0,31.0,33.7,54,136,76,335,94,53,45,298,47,42,170,101,100,298,260,264,270,80,103,197,175,133,234,138,55,171,93,284,38,77,85,2,0.5644771794252595,0.5361842105263158,0.44078947368421056,0.20394736842105265
1630595,Cade Cunningham,Cade,1610612765,DET,24.0,64,47,17,0.734,33.9,8.6,18.6,0.461,2.0,5.7,0.342,4.8,6.0,0.812,0.9,4.7,5.5,9.9,3.7,1.4,0.8,1.1,3.1,4.6,23.9,8.1,48.6,38,3,45.9,56.1,180,44,359,60,21,18,13,274,94,78,283,27,26,211,235,71,99,2,4,32,65,18,27,23,21,9,7,6,8,7,3,1,0.5626177024482109,0.5161290322580645,0.3064516129032258,0.3225806451612903
1630560,Cam Thomas,Cam,1610612749,MIL,24.0,42,12,30,0.286,21.0,4.5,11.0,0.41,1.2,4.0,0.31,3.3,4.0,0.811,0.3,1.4,1.7,2.6,1.8,0.2,0.1,0.7,1.0,3.5,13.5,-5.1,18.6,0,0,19.6,21.3,348,395,172,454,267,152,120,451,209,178,386,62,64,214,498,420,462,178,108,515,472,96,459,56,132,528,266,284,38,222,239,2,0.5289968652037618,0.4636363636363636,0.36363636363636365,0.36363636363636365
1631096,Chet Holmgren,Chet,1610612760,OKC,24.0,69,56,13,0.812,28.9,6.3,11.3,0.557,1.3,3.5,0.362,3.3,4.1,0.792,1.9,7.0,8.9,1.7,1.6,0.6,1.9,0.8,2.3,3.8,17.1,9.8,36.3,24,0,34.0,36.9,118,7,409,19,112,68,112,80,201,206,213,63,57,247,74,18,21,278,140,304,4,65,124,46,71,5,46,16,38,50,64,1,0.6524725274725275,0.6150442477876106,0.30973451327433627,0.3628318584070796
1629012,Collin Sexton,Collin,1610612741,CHI,27.0,68,25,43,0.368,23.7,5.3,10.9,0.485,1.6,4.1,0.401,3.2,3.8,0.855,0.6,1.7,2.3,3.3,2.1,1.1,0.1,0.9,2.1,3.4,15.4,-1.7,24.8,1,0,25.2,28.1,135,243,51,402,213,111,121,195,137,171,91,65,71,123,339,393,394,120,74,87,419,45,167,62,92,390,155,201,38,136,139,2,0.6124721603563474,0.5596330275229358,0.37614678899082565,0.34862385321100914
1629636,Darius Garland,Darius,1610612746,LAC,26.0,45,26,19,0.578,29.9,6.9,14.9,0.46,2.7,6.8,0.396,2.3,2.7,0.861,0.4,2.0,2.4,6.7,2.9,1.0,0.2,0.6,1.9,2.6,18.8,1.9,32.2,7,0,32.8,37.9,331,231,333,205,92,55,48,276,31,37,103,107,127,112,431,342,381,19,24,140,387,120,240,113,54,131,78,72,38,66,56,2,0.5842864246643461,0.5536912751677853,0.45637583892617445,0.18120805369127518
1628368,De'Aaron Fox,De'Aaron,1610612759,SAS,28.0,72,55,17,0.764,31.0,7.1,14.5,0.486,1.8,5.5,0.332,2.6,3.4,0.76,0.6,3.2,3.8,6.2,2.3,1.2,0.3,0.8,2.3,2.6,18.6,6.3,34.5,8,0,33.3,39.2,84,12,359,39,70,45,51,194,114,85,328,89,82,321,346,181,224,25,63,62,305,67,131,101,57,27,55,66,38,59,47,1,0.5813953488372093,0.5517241379310345,0.3793103448275862,0.23448275862068965
201942,DeMar DeRozan,DeMar,1610612758,SAC,36.0,77,20,57,0.26,31.2,6.5,13.1,0.497,0.6,1.9,0.32,4.9,5.6,0.868,0.5,2.5,2.9,4.1,1.2,1.0,0.3,0.5,1.9,4.0,18.4,-7.6,30.9,2,0,28.8,33.6,37,302,5,481,64,63,75,169,364,360,361,26,34,101,406,268,314,72,210,110,281,191,225,41,59,565,87,159,38,102,86,1,0.5911076843998971,0.5190839694656488,0.1450381679389313,0.42748091603053434
1627749,Dejounte Murray,Dejounte,1610612740,NOP,29.0,14,5,9,0.357,27.8,6.3,13.0,0.484,1.4,4.4,0.306,2.8,3.2,0.867,0.3,5.1,5.4,6.4,3.4,1.6,0.2,0.4,2.4,2.2,16.7,1.4,34.9,1,0,33.5,40.4,472,474,455,406,132,70,78,202,186,143,394,79,95,103,488,50,111,24,10,14,348,277,104,140,77,157,53,201,38,56,45,1,0.5795391449194892,0.5384615384615384,0.3384615384615385,0.24615384615384617
1630166,Deni Avdija,Deni,1610612757,POR,25.0,66,35,31,0.53,33.3,7.5,16.1,0.462,1.9,6.0,0.318,7.4,9.2,0.802,1.1,5.8,6.9,6.7,3.8,0.8,0.6,1.2,2.5,6.6,24.2,0.2,42.9,19,3,42.5,48.7,157,162,160,275,30,32,30,269,106,66,367,4,3,227,164,30,56,18,2,220,122,10,70,5,18,234,18,25,8,17,12,1,0.6005558864403414,0.5248447204968943,0.37267080745341613,0.5714285714285713
1630217,Desmond Bane,Desmond,1610612753,ORL,28.0,82,45,37,0.549,33.6,7.1,14.7,0.484,2.0,5.2,0.391,3.8,4.2,0.908,1.2,2.9,4.1,4.1,2.0,1.0,0.5,1.0,3.1,2.8,20.1,1.6,33.7,1,0,33.4,37.0,1,60,93,251,24,44,50,201,80,101,118,46,56,48,152,210,188,69,81,107,182,24,25,86,44,146,64,201,38,58,63,1,0.607324147933285,0.5510204081632654,0.35374149659863946,0.28571428571428575
1626164,Devin Booker,Devin,1610612756,PHX,29.0,64,37,27,0.578,33.5,8.5,18.7,0.456,1.9,5.8,0.33,7.1,8.1,0.873,0.8,3.1,3.9,6.0,3.1,0.8,0.3,1.0,2.6,6.7,26.1,3.1,39.9,6,0,40.0,45.2,180,136,220,203,25,20,10,290,100,74,335,5,7,96,286,184,214,29,17,213,291,32,57,3,13,81,32,84,38,25,26,1,0.5861480416816386,0.5053475935828877,0.31016042780748665,0.43315508021390375
1630170,Devin Vassell,Devin,1610612759,SAS,25.0,67,52,15,0.776,30.5,4.9,11.3,0.437,2.5,6.4,0.384,1.6,1.9,0.815,0.6,3.4,4.0,2.5,0.9,0.9,0.4,0.3,1.6,1.4,13.9,7.3,25.2,1,0,25.3,26.6,147,24,382,32,76,130,113,360,50,50,142,190,203,206,347,154,198,187,299,191,229,350,317,258,119,14,149,201,38,134,153,1,0.5726763348714567,0.5442477876106194,0.5663716814159292,0.16814159292035397
1628378,Donovan Mitchell,Donovan,1610612739,CLE,29.0,70,45,25,0.643,33.5,9.7,20.0,0.483,3.2,8.8,0.364,5.3,6.1,0.865,0.7,3.8,4.5,5.7,2.8,1.5,0.3,0.7,2.3,4.6,27.9,5.3,44.3,5,0,44.8,49.1,105,60,246,136,28,9,5,203,10,8,203,21,22,106,310,129,166,33,27,29,287,95,111,27,7,39,12,96,38,12,10,1,0.6149709046023628,0.565,0.44000000000000006,0.305
1630532,Franz Wagner,Franz,1610612753,ORL,24.0,34,20,14,0.588,30.0,7.2,14.9,0.481,1.4,4.1,0.345,4.8,5.8,0.823,1.3,3.9,5.2,3.3,1.7,0.9,0.3,1.0,2.1,4.5,20.6,2.4,33.9,0,0,33.0,36.2,394,302,397,191,90,41,49,207,178,173,274,28,29,193,136,115,123,116,122,145,259,22,167,28,37,113,60,284,38,63,72,1,0.5901902360760944,0.5302013422818792,0.2751677852348993,0.38926174496644295
203084,Harrison Barnes,Harrison,1610612759,SAS,34.0,77,57,20,0.74,25.8,3.4,7.5,0.456,1.8,4.6,0.388,1.3,1.6,0.829,0.8,2.0,2.8,1.9,0.8,0.6,0.2,0.3,1.1,1.3,9.9,4.3,17.8,0,0,18.0,19.0,37,6,322,58,175,233,230,291,115,130,125,221,248,172,266,344,331,248,344,289,413,347,444,262,217,55,283,284,38,262,285,1,0.6033642125792297,0.5733333333333334,0.6133333333333333,0.21333333333333335
1629630,Ja Morant,Ja,1610612763,MEM,26.0,20,7,13,0.35,28.4,6.6,16.1,0.41,1.0,4.3,0.235,5.3,5.9,0.897,0.4,2.9,3.3,8.1,3.6,1.0,0.3,0.9,2.0,4.2,19.5,-2.5,35.8,8,0,34.4,42.7,449,452,409,409,120,59,31,452,268,155,474,23,28,58,431,222,277,5,7,121,277,40,203,36,50,423,48,66,38,48,35,1,0.5215019255455712,0.4409937888198757,0.26708074534161486,0.3664596273291925
1630183,Jaden McDaniels,Jaden,1610612750,MIN,25.0,73,44,29,0.603,31.7,5.7,11.1,0.515,1.4,3.4,0.412,2.0,2.4,0.835,1.0,3.2,4.2,2.7,1.8,1.1,1.0,0.6,3.3,2.1,14.8,1.6,28.6,0,0,27.5,30.9,78,67,189,173,55,89,117,124,179,216,67,133,153,158,184,179,180,158,101,90,42,139,13,147,103,147,115,284,38,115,113,1,0.608752879236591,0.5765765765765766,0.3063063063063063,0.21621621621621623
1628973,Jalen Brunson,Jalen,1610612752,NYK,29.0,74,50,24,0.676,35.0,9.3,19.9,0.467,2.6,7.1,0.369,4.8,5.7,0.841,0.4,2.9,3.3,6.8,2.4,0.8,0.1,0.7,2.3,5.1,26.0,4.8,40.5,12,0,40.6,45.6,70,32,258,101,11,10,6,258,39,26,189,29,31,147,421,212,263,16,54,221,457,94,118,17,14,45,27,47,38,21,23,1,0.5801499464476974,0.5326633165829147,0.35678391959798994,0.2864321608040201
1630224,Jalen Green,Jalen,1610612756,PHX,24.0,32,17,15,0.531,25.9,6.8,16.0,0.422,2.2,7.1,0.313,2.0,2.7,0.747,0.5,3.1,3.6,2.8,2.3,1.1,0.3,1.1,1.3,2.6,17.8,1.0,28.1,0,0,29.1,31.0,400,334,382,273,171,57,34,413,68,29,381,132,125,349,379,184,234,149,64,105,316,15,392,114,64,181,118,284,38,98,110,1,0.5178031184547359,0.49375,0.44375,0.16875
1630552,Jalen Johnson,Jalen,1610612737,ATL,24.0,72,42,30,0.583,35.2,8.3,17.1,0.489,1.7,4.7,0.352,4.2,5.3,0.788,1.4,8.9,10.3,7.9,3.4,1.2,0.4,1.2,2.1,3.7,22.5,2.6,48.3,49,13,45.7,53.5,84,87,172,195,8,22,24,189,134,122,249,38,37,256,119,4,14,8,9,62,188,9,174,51,25,106,8,3,2,8,7,1,0.5789419514203376,0.5350877192982456,0.27485380116959063,0.30994152046783624
1631114,Jalen Williams,Jalen,1610612760,OKC,25.0,33,25,8,0.758,28.4,6.5,13.5,0.484,0.7,2.3,0.299,3.3,3.9,0.837,0.8,3.8,4.6,5.5,1.9,1.2,0.3,0.7,2.0,3.1,17.1,6.9,33.3,1,0,30.8,37.0,398,243,468,42,124,62,65,198,339,318,409,60,69,155,256,128,159,39,87,72,299,96,216,72,73,19,69,201,38,82,62,1,0.5619085173501578,0.5074074074074074,0.17037037037037037,0.28888888888888886
1627750,Jamal Murray,Jamal,1610612743,DEN,29.0,75,48,27,0.64,35.4,8.8,18.1,0.483,3.3,7.5,0.435,4.6,5.2,0.887,0.4,4.0,4.4,7.1,2.3,0.9,0.4,0.8,1.7,4.0,25.4,5.8,42.9,18,0,42.7,47.9,60,41,220,139,7,15,16,204,7,21,38,32,40,77,416,112,170,15,62,178,218,63,267,39,16,33,17,27,38,15,16,1,0.6229154404551697,0.5773480662983426,0.41436464088397784,0.287292817679558
1627759,Jaylen Brown,Jaylen,1610612738,BOS,29.0,71,47,24,0.662,34.4,10.4,21.7,0.477,2.0,5.7,0.347,6.0,7.5,0.795,1.1,5.8,6.9,5.1,3.6,1.0,0.4,1.3,2.7,6.3,28.7,4.5,45.2,14,3,45.5,50.1,98,44,258,118,18,3,2,220,90,79,269,13,9,240,160,29,53,50,5,119,225,4,48,6,4,52,10,38,8,9,9,1,0.574,0.5253456221198157,0.26267281105990786,0.3456221198156682
1628369,Jayson Tatum,Jayson,1610612738,BOS,28.0,16,13,3,0.813,32.6,7.4,17.9,0.411,2.9,8.9,0.329,4.1,4.9,0.823,0.5,9.5,10.0,5.3,2.4,1.4,0.2,0.5,1.6,3.4,21.8,7.4,44.0,10,1,43.1,47.1,461,384,530,18,43,35,17,450,19,6,338,41,42,194,379,2,16,46,48,43,373,178,303,63,27,13,14,56,23,14,19,1,0.5434782608695653,0.49441340782122906,0.4972067039106146,0.2737430167597766
203924,Jerami Grant,Jerami,1610612757,POR,32.0,57,27,30,0.474,29.7,5.8,12.8,0.453,2.4,6.1,0.389,4.6,5.6,0.814,1.0,2.5,3.5,2.1,2.1,0.7,0.6,1.0,2.5,3.9,18.6,-0.1,28.0,0,0,29.3,30.5,235,225,172,342,95,83,80,302,53,60,122,33,32,210,211,263,250,221,72,240,118,33,83,44,56,263,120,284,38,94,118,1,0.6092767295597484,0.546875,0.47656249999999994,0.43749999999999994
202710,Jimmy Butler III,Jimmy,1610612744,GSW,36.0,38,23,15,0.605,31.1,6.3,12.2,0.519,0.8,2.2,0.376,6.5,7.6,0.864,2.3,3.2,5.6,4.9,1.6,1.4,0.2,0.8,1.2,5.5,20.0,4.9,37.4,3,0,34.6,40.3,370,268,382,171,66,66,90,116,304,325,164,7,8,108,47,176,98,54,138,31,351,62,418,11,47,43,44,128,38,47,46,1,0.6433350488934638,0.5491803278688525,0.18032786885245905,0.6229508196721312
203903,Jordan Clarkson,Jordan,1610612752,NYK,34.0,72,45,27,0.625,17.8,3.3,7.3,0.451,1.0,3.0,0.327,1.1,1.3,0.83,0.9,0.9,1.8,1.3,0.9,0.4,0.1,0.4,1.7,1.1,8.6,1.5,13.5,0,0,13.8,14.7,84,60,220,153,332,244,234,312,279,260,341,275,297,170,241,501,449,342,307,426,444,274,279,313,255,152,369,284,38,353,363,1,0.546239837398374,0.5205479452054794,0.4109589041095891,0.17808219178082194
1629673,Jordan Poole,Jordan,1610612740,NOP,27.0,39,16,23,0.41,23.9,4.2,11.4,0.372,2.5,7.4,0.333,2.5,2.9,0.86,0.2,1.7,2.0,3.1,1.8,0.6,0.4,0.7,2.3,2.9,13.4,-3.7,21.5,0,0,22.8,24.4,368,348,275,379,207,171,109,519,51,22,302,94,111,113,515,388,425,133,107,339,220,96,127,84,134,479,209,284,38,172,182,1,0.5285579047017986,0.4780701754385965,0.6491228070175439,0.25438596491228066
201950,Jrue Holiday,Jrue,1610612757,POR,36.0,53,28,25,0.528,29.4,6.0,13.4,0.451,2.6,6.8,0.378,1.7,2.0,0.838,1.3,3.3,4.6,6.1,2.8,1.0,0.1,0.7,1.5,1.7,16.3,3.7,31.6,9,0,31.9,36.5,276,216,246,279,102,77,68,310,40,39,160,176,200,154,126,170,161,28,30,115,453,81,351,196,85,66,83,63,38,70,68,1,0.5707282913165266,0.5447761194029851,0.5074626865671642,0.14925373134328357
203944,Julius Randle,Julius,1610612750,MIN,31.0,79,47,32,0.595,33.0,7.3,15.3,0.481,1.4,4.4,0.315,5.0,6.3,0.802,1.7,5.1,6.7,5.0,2.7,1.1,0.2,0.8,2.8,4.4,21.1,2.9,37.9,15,3,36.9,41.9,25,44,149,187,40,37,44,209,183,149,379,25,20,225,87,51,61,52,31,98,339,64,40,32,31,86,42,36,8,38,39,1,0.5837760070827801,0.5228758169934641,0.28758169934640526,0.4117647058823529
202695,Kawhi Leonard,Kawhi,1610612746,LAC,35.0,65,37,28,0.569,32.1,9.8,19.4,0.505,2.6,6.8,0.387,5.7,6.4,0.892,1.1,5.3,6.4,3.6,2.0,1.9,0.4,0.5,1.2,5.1,27.9,5.2,45.7,5,0,45.1,48.3,166,136,205,220,49,8,8,147,37,36,131,16,18,69,174,46,69,99,78,9,193,162,421,19,6,40,9,96,38,11,14,1,0.6279258192293843,0.5721649484536083,0.3505154639175258,0.3298969072164949
201142,Kevin Durant,Kevin,1610612745,HOU,37.0,78,48,30,0.615,36.4,9.2,17.6,0.52,2.4,5.8,0.413,5.2,6.0,0.874,0.5,4.9,5.5,4.8,3.2,0.8,0.9,0.5,1.8,4.8,26.0,4.4,41.6,7,0,42.0,46.1,28,41,172,163,3,11,18,112,54,76,64,24,25,93,373,58,105,57,15,215,59,161,257,21,15,54,21,72,38,19,21,1,0.642292490118577,0.5909090909090908,0.32954545454545453,0.3409090909090909
203114,Khris Middleton,Khris,1610612742,DAL,34.0,63,18,45,0.286,22.8,3.6,8.6,0.42,1.1,3.0,0.36,1.9,2.2,0.875,0.8,2.9,3.7,2.8,1.7,0.7,0.1,0.4,2.3,1.8,10.2,-5.3,19.4,2,0,19.3,21.8,194,325,36,454,225,218,185,417,254,263,221,145,173,87,264,220,229,152,119,287,423,244,126,191,208,533,246,159,38,229,228,2,0.5330267558528428,0.4825581395348838,0.3488372093023256,0.2558139534883721
202691,Klay Thompson,Klay,1610612742,DAL,36.0,69,21,48,0.304,21.7,4.1,10.6,0.393,2.9,7.6,0.383,0.5,0.7,0.766,0.3,1.8,2.1,1.4,0.9,0.5,0.3,0.1,1.0,0.4,11.7,-1.9,17.8,0,0,19.7,19.0,118,292,25,444,253,182,130,494,20,19,146,428,435,311,499,368,413,332,295,396,263,473,461,503,169,401,280,284,38,221,284,1,0.5363036303630363,0.5235849056603774,0.7169811320754716,0.0660377358490566
1630163,LaMelo Ball,LaMelo,1610612766,CHA,24.0,72,41,31,0.569,28.0,7.0,17.3,0.407,3.8,10.3,0.368,2.2,2.5,0.899,0.9,3.9,4.8,7.1,2.8,1.2,0.3,0.7,2.7,3.0,20.1,5.8,38.1,10,1,38.7,43.5,84,97,160,218,128,48,21,460,3,3,196,112,142,56,222,117,149,14,29,64,316,73,47,75,45,32,41,56,23,33,30,1,0.546195652173913,0.5144508670520231,0.5953757225433526,0.1445086705202312
1628374,Lauri Markkanen,Lauri,1610612762,UTA,29.0,42,17,25,0.405,34.3,9.1,19.2,0.477,2.7,7.7,0.355,5.7,6.4,0.896,2.0,4.9,6.9,2.1,1.5,1.0,0.5,1.1,1.8,5.5,26.7,-1.3,41.2,5,0,41.5,42.4,348,334,246,383,19,12,9,219,27,18,239,15,19,61,63,59,55,223,150,121,156,17,252,12,11,352,24,96,38,20,36,1,0.6063771802325582,0.5442708333333334,0.4010416666666667,0.33333333333333337
2544,LeBron James,LeBron,1610612747,LAL,41.0,60,39,21,0.65,33.2,7.9,15.3,0.515,1.3,4.1,0.317,3.9,5.3,0.737,0.7,5.4,6.1,7.2,3.0,1.2,0.6,0.8,1.4,3.7,20.9,2.0,41.4,17,3,39.1,46.8,214,118,305,129,38,26,43,127,200,177,371,44,38,364,309,41,76,12,20,65,130,67,381,49,34,123,23,30,8,30,20,1,0.5926724137931033,0.5588235294117647,0.2679738562091503,0.3464052287581699
1629029,Luka Dončić,Luka,1610612747,LAL,27.0,64,43,21,0.672,35.8,10.8,22.8,0.476,4.0,10.8,0.366,7.9,10.1,0.78,0.6,7.1,7.7,8.3,4.0,1.6,0.5,0.4,2.4,7.3,33.5,2.9,57.7,34,8,57.8,64.3,180,75,305,103,5,1,1,225,2,2,201,2,1,280,330,14,36,4,1,15,143,218,96,2,1,88,2,9,4,1,2,1,0.6148142710321539,0.5614035087719298,0.4736842105263158,0.44298245614035087
1629008,Michael Porter Jr.,Michael,1610612751,BKN,28.0,52,14,38,0.269,32.5,8.5,18.4,0.463,3.4,9.3,0.363,3.8,4.4,0.859,1.3,5.7,7.1,3.0,2.3,1.1,0.3,0.7,2.2,3.5,24.2,-3.9,38.8,12,0,40.3,41.3,286,374,81,473,44,19,14,266,4,5,207,48,53,114,131,32,49,134,57,106,316,75,136,59,19,492,36,47,38,23,41,1,0.5950039339103069,0.5543478260869565,0.5054347826086957,0.23913043478260873
1628969,Mikal Bridges,Mikal,1610612752,NYK,29.0,82,53,29,0.646,32.8,5.8,11.7,0.49,1.9,5.1,0.371,1.0,1.2,0.827,1.0,2.8,3.8,3.7,1.0,1.3,0.8,0.2,2.0,1.5,14.4,3.6,29.7,1,0,27.9,31.8,1,19,189,132,41,86,100,181,103,106,183,299,321,182,213,223,221,88,256,52,84,395,222,244,107,67,103,201,38,112,104,1,0.5888125613346419,0.576923076923077,0.4358974358974359,0.10256410256410256
1628970,Miles Bridges,Miles,1610612766,CHA,28.0,77,42,35,0.545,31.0,6.2,13.5,0.46,1.9,5.8,0.333,2.7,3.3,0.822,1.0,4.9,5.8,3.2,1.4,0.6,0.4,0.5,1.7,2.3,17.1,1.9,30.6,8,0,30.1,32.4,37,87,112,258,68,71,63,279,97,75,326,84,92,195,209,60,78,128,178,320,183,191,282,130,72,128,94,66,38,88,97,1,0.5718298555377208,0.5296296296296297,0.42962962962962964,0.24444444444444444
203999,Nikola Jokić,Nikola,1610612743,DEN,31.0,65,43,22,0.662,34.8,9.9,17.4,0.569,1.7,4.5,0.38,6.1,7.4,0.831,3.0,9.9,12.9,10.7,3.7,1.4,0.8,0.8,2.7,6.7,27.7,8.5,62.1,55,34,57.4,68.7,166,75,295,119,13,6,19,78,125,137,156,12,12,168,24,1,1,1,3,37,73,58,52,4,8,8,1,2,1,2,1,1,0.6705073586367157,0.6178160919540231,0.25862068965517243,0.4252873563218391
1626181,Norman Powell,Norman,1610612748,MIA,33.0,58,29,29,0.5,29.6,7.3,15.4,0.47,2.7,7.1,0.38,4.5,5.5,0.827,0.4,3.1,3.5,2.5,1.9,1.1,0.2,0.9,2.2,3.9,21.7,0.7,31.7,1,0,33.1,34.2,230,203,189,303,99,39,41,245,33,30,155,35,36,180,446,186,248,190,86,94,326,43,147,45,28,203,81,201,38,61,82,1,0.6088664421997755,0.5616883116883117,0.461038961038961,0.35714285714285715
1628384,OG Anunoby,OG,1610612752,NYK,28.0,67,45,22,0.672,33.2,5.8,12.0,0.484,2.3,6.1,0.386,2.7,3.3,0.828,1.3,4.0,5.2,2.2,1.8,1.6,0.7,0.8,2.4,2.3,16.7,6.1,31.2,5,0,31.0,33.1,147,60,295,105,34,84,96,200,59,63,136,82,90,177,135,113,120,218,96,21,96,52,88,129,78,28,85,96,38,79,89,1,0.6207255426702348,0.5791666666666666,0.5083333333333333,0.27499999999999997
1631094,Paolo Banchero,Paolo,1610612753,ORL,23.0,72,38,34,0.528,34.7,7.3,16.0,0.459,1.2,3.8,0.305,6.3,8.2,0.775,1.2,7.2,8.4,5.2,3.1,0.7,0.6,1.2,2.0,5.5,22.2,0.0,40.8,26,3,39.5,44.8,84,128,125,281,15,36,34,280,224,184,396,9,6,296,153,12,30,48,18,258,134,8,203,13,26,255,26,15,8,26,27,1,0.56609547123623,0.49374999999999997,0.2375,0.5125
1627783,Pascal Siakam,Pascal,1610612754,IND,32.0,62,17,45,0.274,33.2,9.0,18.6,0.484,1.7,4.7,0.358,4.2,6.1,0.693,1.4,5.2,6.6,3.8,2.2,1.1,0.4,0.8,2.4,5.1,24.0,-3.7,39.9,10,0,39.1,42.7,201,334,36,467,36,13,11,199,129,123,228,37,24,436,112,48,67,84,67,89,204,56,101,16,20,480,29,56,38,29,34,1,0.5638037962788949,0.5295698924731183,0.25268817204301075,0.32795698924731176
202331,Paul George,Paul,1610612755,PHI,36.0,37,22,15,0.595,30.7,6.1,13.9,0.439,2.7,6.9,0.392,2.5,3.0,0.82,0.5,4.8,5.3,3.6,1.7,1.7,0.4,0.5,2.3,2.6,17.3,2.4,33.7,2,0,33.1,36.1,377,277,382,188,75,75,58,354,32,33,115,97,103,200,362,69,116,102,115,12,186,206,129,108,69,112,66,159,38,60,73,1,0.5683311432325887,0.5359712230215826,0.49640287769784175,0.2158273381294964
1629628,RJ Barrett,RJ,1610612761,TOR,26.0,57,34,23,0.596,30.3,7.0,14.3,0.491,1.7,5.0,0.339,3.5,4.9,0.717,1.0,4.3,5.3,3.3,1.7,0.7,0.3,1.2,2.6,3.5,19.3,2.9,32.0,0,0,31.7,34.4,235,168,275,184,85,47,54,178,133,115,289,53,45,396,211,90,119,117,114,240,245,7,67,57,52,85,79,284,38,74,81,1,0.5864122508507535,0.5489510489510488,0.34965034965034963,0.34265734265734266
1630567,Scottie Barnes,Scottie,1610612761,TOR,24.0,80,45,35,0.563,33.5,7.1,14.0,0.507,0.9,2.8,0.304,3.0,3.7,0.815,1.9,5.6,7.5,5.9,2.6,1.4,1.5,0.6,2.6,3.3,18.1,3.3,42.0,30,3,38.1,46.1,21,60,112,229,26,43,55,144,303,279,399,71,74,207,77,34,42,31,37,35,20,125,56,68,62,76,20,12,8,35,22,1,0.5790888149475301,0.5392857142857143,0.19999999999999998,0.2642857142857143
1628983,Shai Gilgeous-Alexander,Shai,1610612760,OKC,27.0,68,56,12,0.824,33.2,10.8,19.4,0.553,1.7,4.4,0.386,7.9,9.0,0.879,0.6,3.7,4.3,6.6,2.2,1.4,0.8,0.8,2.0,6.1,31.1,11.6,50.4,8,0,48.0,55.1,135,7,419,15,33,2,7,83,131,148,134,1,4,82,355,132,177,21,68,41,83,48,193,8,2,2,4,66,38,4,4,1,0.6656678082191781,0.6005154639175259,0.22680412371134023,0.4639175257731959
201939,Stephen Curry,Stephen,1610612744,GSW,38.0,43,24,19,0.558,30.9,8.7,18.6,0.468,4.4,11.3,0.393,4.7,5.1,0.923,0.4,3.2,3.6,4.7,2.8,1.1,0.4,0.6,1.7,4.6,26.6,2.1,39.7,3,0,42.3,44.2,342,252,333,236,72,16,12,254,1,1,114,31,41,40,436,180,237,58,28,82,211,123,269,25,12,119,34,128,38,18,28,1,0.6380733064670888,0.586021505376344,0.6075268817204301,0.27419354838709675
1629027,Trae Young,Trae,1610612764,WAS,27.0,15,2,13,0.133,25.6,5.4,11.8,0.458,1.8,5.3,0.338,5.3,6.5,0.825,0.3,1.7,2.0,8.0,2.6,0.9,0.1,0.1,2.2,5.5,17.9,-4.4,32.7,3,0,31.7,38.9,465,526,409,557,181,106,97,285,116,96,293,20,17,188,494,389,418,6,39,182,434,482,144,10,63,511,74,128,38,71,49,2,0.6105047748976807,0.5338983050847458,0.4491525423728813,0.5508474576271186
1630530,Trey Murphy III,Trey,1610612740,NOP,26.0,66,21,45,0.318,35.5,7.5,15.9,0.47,3.2,8.6,0.379,3.3,3.7,0.886,1.0,4.8,5.7,3.8,1.8,1.5,0.4,0.4,2.1,2.9,21.5,-2.6,37.8,4,0,38.0,40.4,157,292,36,436,6,29,36,244,8,9,159,59,73,78,214,68,86,86,99,25,232,267,177,79,29,427,43,114,38,36,44,1,0.6133044272021908,0.5723270440251572,0.5408805031446541,0.23270440251572327
1629639,Tyler Herro,Tyler,1610612748,MIA,26.0,33,14,19,0.424,31.3,7.5,15.6,0.48,2.5,6.7,0.378,3.0,3.3,0.917,0.4,4.4,4.8,4.1,1.9,0.7,0.4,0.6,1.9,2.6,20.5,-1.2,33.7,0,0,34.1,36.7,398,374,333,372,62,29,38,213,42,41,161,72,93,42,419,83,153,70,84,265,232,113,237,105,38,343,65,284,38,49,66,1,0.6011025099695051,0.5608974358974359,0.4294871794871795,0.21153846153846154
1630178,Tyrese Maxey,Tyrese,1610612755,PHI,25.0,70,38,32,0.543,38.0,9.9,21.4,0.462,3.1,8.6,0.367,5.3,6.0,0.892,0.3,3.8,4.1,6.6,2.4,1.9,0.8,1.0,2.2,4.1,28.3,1.6,48.6,7,0,47.4,53.5,105,128,149,262,1,5,3,270,12,10,197,21,27,68,464,129,186,22,47,10,79,24,156,38,5,150,6,72,38,5,6,1,0.5886023294509152,0.5350467289719627,0.40186915887850466,0.28037383177570097
1641705,Victor Wembanyama,Victor,1610612759,SAS,22.0,64,50,14,0.781,29.2,8.6,16.9,0.512,1.9,5.5,0.349,5.8,7.0,0.827,2.0,9.5,11.5,3.1,2.4,1.0,3.1,0.5,2.4,6.3,25.0,10.7,53.4,42,1,49.7,55.0,180,32,397,30,107,17,25,135,100,87,261,14,15,181,61,3,4,132,51,113,1,169,92,7,17,3,3,4,23,3,5,1,0.6256256256256257,0.5650887573964497,0.3254437869822486,0.4142011834319527
203897,Zach LaVine,Zach,1610612758,SAC,31.0,39,9,30,0.231,31.4,6.7,14.0,0.479,2.5,6.5,0.39,3.2,3.6,0.88,0.2,2.6,2.8,2.3,1.9,0.7,0.3,0.6,2.1,2.5,19.2,-7.9,27.0,0,0,28.7,29.4,368,432,172,507,59,58,56,216,44,48,121,66,75,81,530,253,329,206,88,255,312,111,185,119,53,566,128,284,38,103,128,1,0.6160164271047228,0.5678571428571428,0.4642857142857143,0.2571428571428572
1629627,Zion Williamson,Zion,1610612740,NOP,25.0,62,22,40,0.355,29.7,7.8,13.0,0.6,0.0,0.1,0.25,5.4,7.5,0.716,2.0,3.7,5.7,3.2,2.0,1.0,0.5,1.3,2.3,5.2,21.0,-1.3,35.2,6,0,33.0,37.7,201,277,69,407,96,28,77,56,513,538,458,19,10,398,62,138,87,126,79,137,136,3,128,15,33,357,52,84,38,64,58,1,0.6441717791411042,0.6,0.007692307692307693,0.5769230769230769
