PLAYER_ID,PLAYER_NAME,Stature,Shooting Tendencies,Portability,Passing,Usage & Creation,Defense,Athleticism,Dominance,Shooting Ability,Play Style,CATEGORIES_SCORED,OVERALL_SIMILARITY
203932,Aaron Gordon,93.29342041606192,39.03340065865307,62.610383752012616,51.06027981093234,63.419277323964515,65.65187053480479,64.34749277689018,38.69133481616483,86.22705794085951,54.121406201962564,10,61.84559242323063
1641708,Amen Thompson,96.52878567972908,8.42298673380373,73.34582844718487,77.6524824617339,67.88874288158031,87.93714400394309,81.44359102564368,62.32333852510058,83.38865424175253,71.91116795481197,10,71.08427219552837
203952,Andrew Wiggins,99.52830188679246,35.065469174262496,67.11339925606727,66.02769037577731,62.03048444088986,55.551488670004154,65.64855768327739,30.423955581941577,88.09705366938479,52.67411284747506,10,62.21605135858723
1629014,Anfernee Simons,95.2467343976778,27.156144562664508,68.76340885499096,63.63403946302292,63.583155917650686,48.68212069083733,54.568759649485145,68.11293769310933,90.90750229842476,48.728299660061815,10,62.938310318792524
1630162,Anthony Edwards,95.65191098209965,38.04819290531515,73.56688466551792,78.08815688548192,93.41880677428672,72.93049823481833,79.39854371934042,90.37803456446892,86.69062665587445,70.2759195496249,10,77.84475749368283
1630559,Austin Reaves,95.82123850991776,20.645216535136775,76.01262815867803,88.69853720526378,84.2135434175915,84.1059236617762,88.28189561606493,84.69490248072339,88.48929433509795,67.6288559692507,10,77.85920358895011
1628389,Bam Adebayo,86.75616835994195,32.60352010916173,77.45625094977954,68.89953213196078,80.24524119938285,76.38258736351004,56.58093433029704,71.69132379107191,97.15066789174885,69.84915021975351,10,71.76153763466081
203078,Bradley Beal,97.53870343492984,29.83293134183693,64.19757312675891,50.30477667705293,48.61953446468491,37.0247410779032,40.560654675298295,5.952513048640739,88.41998095508335,48.028798911450416,10,51.04802077136395
1627742,Brandon Ingram,93.5292694726657,47.79925999174108,84.56804110006205,82.00252186759825,85.53792021682978,66.28546639788513,72.13068420242408,52.13618263820457,92.07879691747618,78.75919043796573,10,75.48273332428525
1641706,Brandon Miller,96.52878567972908,21.205712148059856,73.77487476920814,75.73120866572727,83.63332320067853,71.67053109404799,77.44390139414887,37.36855413868911,91.96592853000512,59.87905778971431,10,68.92018774100083
1627741,Buddy Hield,96.83115626511852,25.303934523545916,69.96186628755184,59.17185104831473,41.653107370512025,62.295925467070354,70.96348498350929,28.109089396359067,94.11125412910579,47.58625440457239,10,59.59879238756599
203468,CJ McCollum,92.88824383164007,30.17386138107466,71.4788600722086,76.15728079167513,77.414879808837,80.85111607664292,78.10258022161291,52.906093500583694,92.55677143180358,55.5886674452914,10,70.811835456137
1630595,Cade Cunningham,98.11320754716982,40.91766243620126,69.78330255855985,16.383447155174427,95.41858712995484,74.62904331172989,78.10335674361727,47.4194680703401,96.14745967377061,56.776432424046035,10,67.36919670505641
1630560,Cam Thomas,97.60522496371553,33.004964316093044,82.00090759925504,78.40284532422851,68.42720476169653,38.6175463868097,47.49331554097668,29.431870073834787,95.01552131249152,79.57055446674198,10,64.95699547458433
1631096,Chet Holmgren,94.56942428640542,29.2325179721233,70.59379841758064,46.08912604583329,65.06909287845707,46.63286141193935,33.737914969038115,49.07294391718475,82.79009617185987,63.871339805457445,10,58.16591158758793
1629012,Collin Sexton,92.88824383164007,29.488194119760177,78.66471683395135,87.16806430868418,65.75742331758113,62.658049397628076,62.74365701136203,37.36855413868911,88.0352231148767,76.85417611270093,10,68.16263021868737
1629636,Darius Garland,92.07789066279634,23.910882113736935,66.59973265450562,58.33862185751093,79.06887289802738,66.84774163493698,64.53557868080755,68.55523354518662,90.58531551596438,50.1787369150535,10,66.06986064785261
1628368,De'Aaron Fox,91.7089985486212,31.481209885488397,70.84902824189017,58.7742359213108,75.54742982112411,80.49309579021084,78.68189810695941,38.69133481616483,92.23424791098861,53.71412380286856,10,67.2175602845627
201942,DeMar DeRozan,98.11320754716982,34.33097837636702,70.65006334329546,56.74237028189847,70.74180749222567,71.58274885894853,72.72697463534335,36.70716379995125,93.42040040672289,62.13293113859163,10,66.71486458805141
1627749,Dejounte Murray,93.05757135945815,28.705173779453656,77.43485988255365,67.52925315007481,73.1216729781849,73.60369365199847,71.13456240204695,61.39462066084559,92.79278105131718,65.89739846857911,10,70.46715873845125
1630166,Deni Avdija,94.94436381228834,22.38854910487232,78.32272029493983,71.14671099835567,90.35970528449718,72.75106671912732,71.1440009918721,52.9102003793398,94.19137005436157,64.4785157725579,10,71.2637203412212
1630217,Desmond Bane,99.29245283018868,32.834599432012446,74.1312740129114,79.32644252248946,75.96303935766424,85.62726838674314,84.58772372776951,63.37571151799209,87.96502092767484,66.01627173400723,10,74.9119804449453
1626164,Devin Booker,97.94388001935172,47.59391171047986,84.72040259915352,75.79431791408388,96.75375740097718,70.26778274330958,72.1880797105309,94.23477591418774,96.42192369260962,78.83587546216147,10,81.47547071668454
1630170,Devin Vassell,96.52878567972908,28.886423139303393,57.173600199935954,41.154499038051675,56.732793515817605,80.25916394092947,81.75721127377207,28.770479735096927,92.28979779021591,34.1280903968662,10,59.768084470971836
1628378,Donovan Mitchell,96.72835026608611,28.734036022559167,75.84532724768931,79.83780386083531,95.17569456412654,83.81941099185195,85.21641275509887,62.45545081506172,89.81844740677025,68.17981672434362,10,76.58107506544228
1630532,Franz Wagner,93.19061441702951,24.844708643572307,83.55139715402917,73.83332338622044,80.39864990549162,73.02441113202919,74.51319236322088,87.9525944158671,93.74690547073882,80.28530766056228,10,76.53411045487613
203084,Harrison Barnes,96.29293662312531,39.22848864275698,57.18352979240804,42.825214718500014,41.46465982554085,59.09012615260533,61.82228953640001,30.250013975070463,90.1290416395287,38.001548218070845,10,55.62878491240066
1629630,Ja Morant,88.47363328495403,37.88475348895242,70.99019006246579,31.843537895049483,86.23317943788504,74.27478256575175,73.40484003499915,42.32898167922306,88.4319049520208,67.22576425362956,10,66.10915676549311
1630183,Jaden McDaniels,91.7089985486212,36.25621287169675,73.80665479978123,68.13547166390985,58.23298296969281,56.03220897479044,64.74599358691387,66.67958305261429,85.8466329701257,63.424097639348474,10,66.48688370774946
1628973,Jalen Brunson,92.2472181906144,25.49665526213821,69.85556312626734,48.19289130501935,96.27471828980049,55.573940983275456,59.5428682574324,70.6992382829651,93.41226086490266,58.24333837823336,10,66.95386929406489
1630224,Jalen Green,92.5858732462506,37.03053768675964,76.43981683015072,71.82983363245883,84.22308327460638,76.7109307512805,81.85780174343262,43.53913495430141,94.08473161866763,59.828815973298866,10,71.81305597112073
1630552,Jalen Johnson,97.06700532172229,41.81480350743728,78.79462442382297,49.3787131206156,87.55651825025954,86.41387976602861,65.83647568248904,85.54869259420707,92.33438576656746,70.56638985845123,10,75.53114882916012
1631114,Jalen Williams,99.1231253023706,38.616804993856675,78.75921060373999,62.08437498883617,72.90526784709846,81.29429629818799,82.03450272251253,44.64384786480558,95.01442344871641,68.13733783854737,10,72.26131919086718
1627750,Jamal Murray,98.0104015481374,28.559052708610277,58.46624578407214,41.867144951443244,92.59105907100381,77.75941835604077,82.18952441552852,64.52865746735279,84.18087920569096,48.5986832118982,10,67.67510667197783
1627759,Jaylen Brown,97.40566037735849,49.553600430426336,89.65924459512692,91.33456397326268,86.9824568972894,81.5736314152902,79.55802788122486,70.94089781625652,93.92572796917348,87.29568450439506,10,82.8229495859804
1628369,Jayson Tatum,98.24625060474116,36.355758626485006,77.83804973605154,81.92892734889746,90.77684339474258,77.68196706790087,58.88945726153533,47.4194680703401,97.28727945255676,64.74173432043031,10,73.11657358836811
203924,Jerami Grant,99.1231253023706,36.42482759732508,63.36530729901831,51.61224485367901,71.13722259750921,70.50720665551309,72.26690173734383,31.08534592067944,90.72635320534351,53.75022306602195,10,63.999875823480394
202710,Jimmy Butler III,95.75471698113208,23.2239435572391,75.19765176107141,66.72827002586457,71.7626522692906,78.00244727109173,77.6925411184907,60.25115859249853,87.12821051257791,59.90488727618333,10,69.56464793654399
203903,Jordan Clarkson,95.11369134010644,31.48829848170655,72.06443511194479,56.62722399272462,45.705734089453806,47.11126905392391,52.82687551801152,67.3389199519741,97.80634299930276,51.960922130393236,10,61.80437126695417
1629673,Jordan Poole,95.88776003870343,28.39456767779363,75.36494554478142,78.6446425978595,62.55449684260668,70.96374212455989,66.81532526895577,24.1407473639319,94.92755260935215,62.36540296935743,10,66.00591830379018
201950,Jrue Holiday,96.83115626511852,24.107284226347247,69.04481573563328,67.72981698914397,68.99032653921755,61.95249430932998,69.56290329922345,67.06159141990688,93.49336142213909,49.074026895515296,10,66.78477771015753
203944,Julius Randle,89.11465892597968,34.84812803696266,86.89284590080645,91.279741930834,81.96458703157788,69.82870616589018,68.17834637439161,90.81725025747912,93.85192790768428,83.96317491112961,10,79.07393674427354
202695,Kawhi Leonard,96.93396226415095,32.101768983521495,80.02093258462557,82.487872600723,94.4419274672568,81.37366709927541,76.97959803479236,47.90589008251782,86.02452119031356,77.33119636290144,10,75.56013366700783
201142,Kevin Durant,90.19109820996613,35.278772968462235,79.89370726550422,92.765258950489,90.29222510858246,52.68125732869991,65.28335654846505,82.93290611023747,82.90520084708108,79.75384137529959,10,75.19776247127871
203114,Khris Middleton,97.00048379293662,48.475452093517355,77.08530357919444,76.42985939099634,49.53035877383866,51.02262345668703,63.922245418759246,24.1407473639319,95.39157685455224,67.0559437775969,10,65.00545945020107
202691,Klay Thompson,96.52878567972908,17.40994797601348,68.50824061811255,55.369343512331966,56.66886706027744,63.664394633743235,61.416486377298696,25.463528041407624,90.42249484379667,44.449725963226186,10,57.9901814705937
1630163,LaMelo Ball,91.81180454765361,23.04285983597011,64.89499001650469,42.15343748879166,89.195379958939,78.82659873361838,81.13747186592144,44.31315269543665,92.90731340427584,42.8240053745698,10,65.11070139216812
1628374,Lauri Markkanen,88.90904692791486,29.669898241094685,71.35921696738669,58.744276532276835,92.74108010082757,84.44149163493698,80.80596428277755,45.9666285422813,91.0648448281612,63.1192804682846,10,70.68217285259422
2544,LeBron James,89.11465892597968,38.7407738769038,77.64324178684335,50.64138821027428,82.12615382175171,82.9443317457095,80.4621798229135,80.59031849305119,89.08485236910718,70.76587640914856,10,74.21137754616828
1629029,Luka Dončić,94.47266569908079,29.31112839975931,64.7709519971171,42.84874514867902,76.87718225449818,90.97310750976487,81.22795671031108,83.89316330798437,89.47761527474395,54.3132089866195,10,70.81657252885581
1629008,Michael Porter Jr.,96.02080309627479,35.854453107962705,73.12171688682008,71.84169000453477,95.04788777671176,74.75600151181625,70.75411920632939,46.62801888101915,92.08523195470426,61.5738854666174,10,71.76838078927905
1628969,Mikal Bridges,99.29245283018868,49.54788141600407,56.26500231137654,48.55096469966162,57.44215275912574,71.35964659790493,74.18718491345109,60.006418900140005,89.97367353088089,29.62528473776856,10,63.62506626965021
1628970,Miles Bridges,96.29293662312531,25.88503980693703,67.95053759032542,62.821413111167885,69.58602855133323,71.76494263253704,73.4317659674762,80.1264843140321,96.08234176348292,51.02480020689573,10,69.49662905673128
203999,Nikola Jokić,79.8137397194001,40.97378299625652,64.06547486214458,8.666574637075357,90.46647130360522,72.61001803162748,55.1277432331899,29.56192892441787,81.32153347326789,57.070567673023334,10,57.96778348540083
1626181,Norman Powell,97.36937590711176,31.56244766538896,68.78097036304077,62.16621894652727,83.36428924595099,69.50822596269931,70.46546221343289,44.64179442542752,90.2237706933708,62.1528338685287,10,68.02353892914789
1628384,OG Anunoby,92.7552007740687,30.178729014899563,62.64883637113378,53.080796178082416,63.59293160445029,78.68286727366218,82.06970955728862,32.73882176752409,88.10087399632006,49.3141618646762,10,63.316292840210586
1631094,Paolo Banchero,88.47363328495403,36.43573853791246,92.72710811134571,94.13055419040764,86.34344236418674,70.85973487902304,62.59347897742934,45.635933372912376,95.43476293745734,87.01446101318358,10,75.96488476688123
1627783,Pascal Siakam,90.93492985002419,34.92749674691296,88.9992613713194,84.53832772131291,95.1236592641734,82.53557066614098,79.91297386187226,42.99037201796093,90.7030708554407,86.55149232790674,10,77.72171546830646
202331,Paul George,94.47266569908079,34.706766990396424,69.56205012926488,73.23915037716263,71.39431586268024,86.43825159224741,87.00275366466752,82.33077653659528,92.51445061873494,54.58392052035771,10,74.62451019911877
1629628,RJ Barrett,99.52830188679246,21.1375814939821,77.66771166841464,72.1408574731857,77.42333053586769,67.4791063342709,70.71006228158662,77.63972996095652,90.49054611778742,70.41446053017647,10,72.46316882830205
1630567,Scottie Barnes,92.82172230285437,29.34494038205614,85.47431654388119,74.7147840999701,72.31123458083772,63.72522977520571,59.37485805094482,90.20511967728683,91.82209114593525,77.26452851114388,10,73.7058825070116
1628983,Shai Gilgeous-Alexander,95.99056603773585,56.95999943941262,74.65001706185424,44.00017858256653,90.49558975385524,75.84686808385516,76.87581213030708,31.546099940631457,81.70031770742635,68.11298890582599,10,69.61784376434706
201939,Stephen Curry,94.60570875665215,31.066340746084254,77.71331887302335,96.83334742786575,96.02277743894801,83.30472315379905,82.55896611219697,82.22328273264304,85.62979316473613,72.30297830303273,10,80.22612367089815
1629027,Trae Young,86.1151427189163,28.007493441148842,53.07705447846654,16.538138988101426,72.13168287667878,54.677095055619255,55.193546985268796,42.32898167922306,94.35554648113732,32.07354961891468,10,53.4498232323475
1630530,Trey Murphy III,96.83115626511852,33.74571150165615,66.98063347983597,72.5520921562656,79.77798401288453,89.19537862224524,91.14367171164588,40.34481066300948,88.74389937212989,53.81582194808341,10,71.31311597328747
1629639,Tyler Herro,95.34954039671021,13.807193953509499,70.49963561374983,79.12319543587827,80.60743868247484,73.56013041168407,80.58829902652184,40.34481066300948,88.53473051435063,56.976005741312825,10,67.93909804392015
1630178,Tyrese Maxey,94.60570875665215,37.947886830739115,68.99187197859256,55.856826242774865,89.56798890727657,63.72304564402756,66.69716613626005,67.78737612218555,92.13201095373877,56.76860169743942,10,69.40784832696866
1641705,Victor Wembanyama,88.1652152878568,49.01828262333593,82.41875358935269,72.83673689595815,95.09895052988946,56.28131009309707,40.36127292715973,30.88470960189359,89.47697199857927,77.73836115688779,10,68.22805647040104
203897,Zach LaVine,96.52878567972908,38.603370524817926,64.27225122346367,57.16613816848652,74.6347842952995,64.78707262746767,66.69956222137307,31.746736259417297,87.90376801232503,52.97351955566753,10,63.53159885680473
1629627,Zion Williamson,84.66981132075472,1.3208938397376266,72.15404674996772,80.40778662187444,77.03597122840841,84.53763569589422,82.43355541033293,46.62801888101915,77.13268904429216,61.1741032296956,10,66.74945120219769
