PLAYER_ID,PLAYER_NAME,HEIGHT,WEIGHT_LBS,HEIGHT_IN
1628983,Shai Gilgeous-Alexander,6-6,195,78
1629029,Luka Dončić,6-8,230,80
1630162,Anthony Edwards,6-4,225,76
1626164,Devin Booker,6-5,206,77
1628973,Jalen Brunson,6-2,190,74
1627759,Jaylen Brown,6-6,223,78
1628369,Jayson Tatum,6-8,210,80
201142,Kevin Durant,6-11,240,83
202695,Kawhi Leonard,6-6,225,78
202710,Jimmy Butler III,6-6,230,78
2544,LeBron James,6-9,250,81
1628378,Donovan Mitchell,6-2,215,74
1629630,Ja Morant,6-2,174,74
1628368,De'Aaron Fox,6-3,185,75
1630178,Tyrese Maxey,6-2,200,74
1630595,Cade Cunningham,6-6,220,78
1629027,Trae Young,6-2,164,74
1627750,Jamal Murray,6-4,215,76
201939,Stephen Curry,6-2,200,74
203999,Nikola Jokić,6-11,284,83
1630163,LaMelo Ball,6-7,180,79
1629636,Darius Garland,6-1,192,73
1631114,Jalen Williams,6-5,211,77
1630217,Desmond Bane,6-6,215,78
1627742,Brandon Ingram,6-8,190,80
1628969,Mikal Bridges,6-6,209,78
1628384,OG Anunoby,6-7,240,79
1629628,RJ Barrett,6-6,214,78
1630567,Scottie Barnes,6-8,237,80
1631094,Paolo Banchero,6-10,250,82
1630532,Franz Wagner,6-10,230,82
1630552,Jalen Johnson,6-8,219,80
203944,Julius Randle,6-9,250,81
1630166,Deni Avdija,6-8,228,80
1641706,Brandon Miller,6-7,200,79
1630560,Cam Thomas,6-3,210,75
1629014,Anfernee Simons,6-3,200,75
1629673,Jordan Poole,6-4,200,76
1629639,Tyler Herro,6-5,195,77
1627749,Dejounte Murray,6-4,188,76
203468,CJ McCollum,6-3,190,75
201942,DeMar DeRozan,6-6,220,78
1629008,Michael Porter Jr.,6-10,218,82
203897,Zach LaVine,6-5,200,77
1626181,Norman Powell,6-3,215,75
203078,Bradley Beal,6-4,207,76
203114,Khris Middleton,6-7,222,79
203952,Andrew Wiggins,6-6,210,78
203932,Aaron Gordon,6-8,235,80
203924,Jerami Grant,6-7,213,79
1628970,Miles Bridges,6-7,225,79
1630530,Trey Murphy III,6-8,220,80
1630183,Jaden McDaniels,6-9,185,81
1630559,Austin Reaves,6-5,197,77
1629012,Collin Sexton,6-3,190,75
203903,Jordan Clarkson,6-5,194,77
1627741,Buddy Hield,6-4,220,76
202691,Klay Thompson,6-5,200,77
203084,Harrison Barnes,6-7,225,79
1629627,Zion Williamson,6-6,277,78
1627783,Pascal Siakam,6-8,245,80
1628374,Lauri Markkanen,7-1,240,85
1631096,Chet Holmgren,7-1,208,85
1628389,Bam Adebayo,6-9,260,81
202331,Paul George,6-8,230,80
201950,Jrue Holiday,6-4,220,76
1630224,Jalen Green,6-4,186,76
1641708,Amen Thompson,6-7,200,79
1630170,Devin Vassell,6-5,200,77
1641705,Victor Wembanyama,7-4,235,88
