PLAYER_ID,PLAYER_NAME,Stature__HEIGHT_IN,Stature__WEIGHT_LBS,Shooting Tendencies__Restricted Area_FREQ,Shooting Tendencies__In The Paint (Non-RA)_FREQ,Shooting Tendencies__Mid-Range_FREQ,Shooting Tendencies__Corner 3_FREQ,Shooting Tendencies__Above the Break 3_FREQ,Shooting Tendencies__Backcourt_FREQ,Portability__TS_PCT,Portability__FG3_PCT,Portability__THREE_PA_RATE,Portability__AST_PCT,Portability__AST_TO,Portability__DEF_RATING,Portability__USG_PCT,Passing__AST,Passing__AST_PCT,Passing__AST_TO,Usage & Creation__PTS,Usage & Creation__FGA,Usage & Creation__USG_PCT,Defense__STL,Defense__BLK,Defense__DEF_RATING,Athleticism__STL,Athleticism__BLK,Athleticism__REB_PCT,Athleticism__PACE,Dominance__NET_RATING,Dominance__PIE,Shooting Ability__FG_PCT,Shooting Ability__FG3_PCT,Shooting Ability__FT_PCT,Shooting Ability__TS_PCT,Shooting Ability__EFG_PCT,Play Style__USG_PCT,Play Style__AST_PCT,Play Style__AST_TO,Play Style__THREE_PA_RATE,Play Style__FTA_RATE
203932,Aaron Gordon,97.43589743589743,89.15094339622641,60.14660074493325,94.3129452181357,30.85185821984976,0.0,48.88899976899973,0.0,87.33145954813727,81.91603721948549,12.737367731958438,54.86108219664797,40.68892945308531,92.31865172787114,68.41915838690268,57.630827783063744,54.86108219664797,40.68892945308531,64.8134827452962,57.02519083969466,68.41915838690268,41.54320987654321,63.09374999999999,92.31865172787114,41.54320987654321,63.09374999999999,58.184696704744574,94.56831452627293,0.0,77.38266963232967,88.8864237562932,81.91603721948549,91.65,87.33145954813727,81.35136918038165,68.41915838690268,54.86108219664797,40.68892945308531,12.737367731958438,93.90049324121846
1641708,Amen Thompson,98.71794871794873,94.33962264150944,0.0,0.0,25.943608048510026,0.0,24.594312354312354,0.0,91.59023972324457,65.56847290640393,53.68324427105529,85.24568156709915,60.83894628115356,93.85695670318727,62.637257678150334,86.87281953694894,85.24568156709915,60.83894628115356,73.21523050857535,67.81374045801527,62.637257678150334,96.14197530864197,73.81249999999999,93.85695670318727,96.14197530864197,73.81249999999999,59.57504281548236,96.2448459784504,39.98871369175504,84.65796335844612,80.6143868930796,65.56847290640393,93.08389830508474,91.59023972324457,86.0862733809498,62.637257678150334,85.24568156709915,60.83894628115356,53.68324427105529,97.1507099766015
203952,Andrew Wiggins,100.0,99.05660377358491,82.39600517187566,63.12575890185388,30.3236977190377,0.0,34.547353252807724,0.0,93.51406371265789,74.32709359605913,8.69243859769384,51.907023924520765,88.54521941974743,90.49191456968325,62.316040972108546,57.630827783063744,51.907023924520765,88.54521941974743,61.61281693071368,62.162595419847335,62.316040972108546,76.16255144032922,0.0,90.49191456968325,76.16255144032922,0.0,97.11438780540293,89.31729148737743,0.0,60.847911163883154,93.80493216144723,74.32709359605913,93.68135593220339,93.51406371265789,85.1578229445563,62.316040972108546,51.907023924520765,88.54521941974743,8.69243859769384,51.9098413233047
1629014,Anfernee Simons,96.15384615384616,94.33962264150944,39.86017751877603,84.0211262403664,39.05556361684462,0.0,0.0,0.0,95.22691509025483,83.13026819923373,0.0,63.72325701302957,75.95145890220476,90.39577050872597,72.91619227148783,51.22740247383444,63.72325701302957,75.95145890220476,57.2119014356627,60.62137404580154,72.91619227148783,34.61934156378601,21.03125,90.39577050872597,34.61934156378601,21.03125,65.34626720467652,97.27817982947803,72.73240286738407,63.493472518834594,98.37016810308047,83.13026819923373,92.93559322033897,95.22691509025483,84.87456687921589,72.91619227148783,63.72325701302957,75.95145890220476,0.0,31.050590113586896
1630162,Anthony Edwards,97.43589743589743,93.86792452830188,95.58945392433748,84.4210533912617,46.994262573444615,1.2843875428470986,0.0,0.0,87.88432354898515,78.88045977011494,3.5512170041381963,73.42944847859036,81.85944336402731,90.10733832585422,99.25596216691515,78.97557881382811,73.42944847859036,81.85944336402731,84.77603067502896,96.22442748091603,99.25596216691515,96.93415637860082,31.74999999999998,90.10733832585422,96.93415637860082,31.74999999999998,95.9338816409081,92.97613685785281,84.8544700119481,95.90159911698976,90.6749722672583,78.88045977011494,95.11525423728814,87.88432354898515,80.89812345572575,99.25596216691515,73.42944847859036,81.85944336402731,3.5512170041381963,93.2835267344535
1630559,Austin Reaves,98.71794871794873,92.9245283018868,98.70796866034036,10.113783532465636,14.775170834913675,0.0,0.2743761831009772,0.0,82.9733132993081,90.7192118226601,0.0,99.98402707226487,83.50771521273035,92.03021954499937,82.87391015878353,82.60386933079607,99.98402707226487,83.50771521273035,93.21939184971615,76.54732824427481,82.87391015878353,76.16255144032922,84.125,92.03021954499937,76.16255144032922,84.125,98.71457386238367,94.1254571615468,78.77932855435988,90.61047640708688,90.45140370338767,90.7192118226601,95.9228813559322,82.9733132993081,82.37966149420176,82.87391015878353,99.98402707226487,83.50771521273035,0.0,71.77862740247474
1628389,Bam Adebayo,96.15384615384616,77.35849056603774,92.8829856024091,2.208003508650358,28.044591775823392,0.0,72.48553976808752,0.0,99.82000743663357,96.53136288998357,34.505157788593856,59.92518209172316,78.4702110057133,93.28009233744372,79.66174309836556,68.30320329844592,59.92518209172316,78.4702110057133,80.41672859138603,80.65725190839694,79.66174309836556,83.08641975308642,52.78125,93.28009233744372,83.08641975308642,52.78125,0.0,90.45606756810174,52.11078083631905,91.27186674582475,98.81730523082174,96.53136288998357,92.96440677966102,99.82000743663357,97.62025712164434,79.66174309836556,59.92518209172316,78.4702110057133,34.505157788593856,96.68345711437165
203078,Bradley Beal,97.43589743589743,97.64150943396226,80.85274644433547,27.481425282545004,39.749313760038575,0.0,30.91410256410253,0.0,87.02160475611804,88.29074986316367,11.034980165885322,44.732882406497566,69.8953708723618,76.4548816699236,71.95254215336244,36.2860767522994,44.732882406497566,69.8953708723618,32.80682459947092,41.09923664122138,71.95254215336244,34.61934156378601,0.0,76.4548816699236,34.61934156378601,0.0,30.587614436231558,97.03566270117562,0.0,11.905026097281478,83.83821145148903,88.29074986316367,89.61864406779661,87.02160475611804,93.3306946368494,71.95254215336244,44.732882406497566,69.8953708723618,11.034980165885322,42.52821895914495
1627742,Brandon Ingram,97.43589743589743,89.62264150943396,74.88158552928473,42.97710564638827,79.0958247090588,0.0,89.8410440657147,0.0,95.54355885140863,84.04094143404488,69.87438753938211,71.31940685564237,95.71257993332425,90.68420269159776,84.8012103950343,78.97557881382811,71.31940685564237,95.71257993332425,86.01789376690544,85.79465648854962,84.8012103950343,55.39094650205762,52.78125,90.68420269159776,55.39094650205762,52.78125,84.60127280876273,95.74926749887592,24.244134289128027,80.02823098728112,93.35779503370595,84.04094143404488,97.98305084745762,95.54355885140863,89.46863842076385,84.8012103950343,71.31940685564237,95.71257993332425,69.87438753938211,72.0883674664456
1641706,Brandon Miller,98.71794871794873,94.33962264150944,64.2804443781052,37.125320763645,25.82850774660892,0.0,0.0,0.0,95.56818790174897,83.73738368910783,0.0,73.00744015400076,83.74850744165872,92.99166015457196,87.3709440433687,70.43767840152235,73.00744015400076,83.74850744165872,80.81681181820885,82.71221374045803,87.3709440433687,69.23868312757202,52.78125,92.99166015457196,69.23868312757202,52.78125,91.55300336245173,96.20266908657173,0.0,74.73710827737823,97.25232528372729,83.73738368910783,93.41355932203389,95.56818790174897,89.85818645340757,87.3709440433687,73.00744015400076,83.74850744165872,0.0,55.26839730954334
1627741,Buddy Hield,97.43589743589743,96.22641509433963,91.46977375520778,41.822684779989096,18.531148606078595,0.0,0.0,0.0,96.93387783484276,94.05834701696772,0.0,54.43907387205837,93.19382782981572,89.43432989915341,61.673607560024955,29.882651443070085,54.43907387205837,93.19382782981572,30.406325238534016,32.8793893129771,61.673607560024955,55.39094650205762,42.0625,89.43432989915341,55.39094650205762,42.0625,95.9338816409081,90.46661179107143,0.0,56.218178792718135,97.69946241146855,94.05834701696772,96.90762711864409,96.93387783484276,84.9569562636058,61.673607560024955,54.43907387205837,93.19382782981572,0.0,28.62476276096291
203468,CJ McCollum,96.15384615384616,89.62264150943396,76.09670253584514,60.181024411997264,44.76544133860554,0.0,0.0,0.0,97.29968338161662,86.16584564860428,0.0,81.86961497038236,63.3576983846621,92.31865172787114,79.34052639232377,83.24452901998096,81.86961497038236,63.3576983846621,74.8155634158666,78.08854961832061,79.34052639232377,55.39094650205762,94.84375,92.31865172787114,55.39094650205762,94.84375,70.90765164762772,91.26797273676631,36.366201433692034,69.44598556747535,98.27630343885997,86.16584564860428,92.24745762711865,97.29968338161662,88.79456706281834,79.34052639232377,81.86961497038236,63.3576983846621,0.0,53.375497479088786
1630595,Cade Cunningham,100.0,96.22641509433963,86.40044227175807,7.076002466501963,36.82318561724003,72.29259736344451,42.913746898262985,0.0,97.63799444404422,96.1832512315271,55.228412223863764,18.536420426472112,30.613921039051174,95.20297355658887,95.0801449883718,0.0,18.536420426472112,30.613921039051174,95.61989121065302,95.55572519083971,95.0801449883718,96.93415637860082,31.74999999999998,95.20297355658887,96.93415637860082,31.74999999999998,90.16265725171392,93.56661334415432,0.0,94.8389361406802,96.93489205563614,96.1832512315271,97.0271186440678,97.63799444404422,92.95404199357776,95.0801449883718,18.536420426472112,30.613921039051174,55.228412223863764,84.42326344247135
1630560,Cam Thomas,96.15384615384616,99.05660377358491,70.56239689687457,36.89152935804252,57.81718365096521,0.0,32.75867599067597,0.0,96.24506982173229,94.10290093048714,28.213618332623046,87.77773151463674,91.93445177806144,80.9736525349147,94.75892828233,55.49635267998732,87.77773151463674,91.93445177806144,54.01123562108017,56.511450381679396,94.75892828233,13.847736625514395,21.03125,80.9736525349147,13.847736625514395,21.03125,57.00419054024973,98.09008499814259,0.0,58.863740147669574,91.66311118696134,94.10290093048714,96.90762711864409,96.24506982173229,96.1588975046327,94.75892828233,87.77773151463674,91.93445177806144,28.213618332623046,95.16804242605859
1631096,Chet Holmgren,91.02564102564102,98.11320754716981,28.27735268459728,59.542399345080895,21.647005451348445,0.0,65.92835035171318,0.0,81.28991286334568,90.112096332786,53.67752888951301,34.60468261634718,67.37661876885326,98.35537435927483,68.74037509294449,36.2860767522994,34.60468261634718,67.37661876885326,68.41423178670155,58.05267175572519,68.74037509294449,41.54320987654321,0.0,98.35537435927483,41.54320987654321,0.0,0.0,93.40844999960926,0.0,98.1458878343695,75.47230992405494,90.112096332786,94.63728813559322,81.28991286334568,72.43887360351953,68.74037509294449,34.60468261634718,67.37661876885326,53.67752888951301,94.95749365962926
1629012,Collin Sexton,96.15384615384616,89.62264150943396,57.580483327409084,60.71894885196293,22.441390972498844,0.0,36.188341566690184,0.0,88.56753278744253,78.27334428024083,22.303536394525246,91.57580643594314,99.49070808858706,90.78034675255502,79.66174309836556,70.43767840152235,91.57580643594314,99.49070808858706,61.61281693071368,55.99770992366413,79.66174309836556,76.16255144032922,21.03125,90.78034675255502,76.16255144032922,21.03125,62.565574983200925,91.21525162191797,0.0,74.73710827737823,91.56924652274085,78.27334428024083,97.83474576271186,88.56753278744253,83.93124622124745,79.66174309836556,91.57580643594314,99.49070808858706,22.303536394525246,91.2390865460837
1629636,Darius Garland,93.58974358974359,90.56603773584906,83.9276831100037,33.27063919923808,26.266970373179856,0.0,0.0,0.0,93.69561251360243,79.79113300492611,0.0,64.11331948214887,53.9123779965051,89.2420417772389,85.44364380711791,56.99016809387884,64.11331948214887,53.9123779965051,75.21564664268942,76.54732824427481,85.44364380711791,69.23868312757202,42.0625,89.2420417772389,69.23868312757202,42.0625,54.22349831877413,92.61763327688404,63.034749151732875,74.07571793864037,97.15846061950678,79.79113300492611,97.11779661016949,93.69561251360243,85.16357483161707,85.44364380711791,64.11331948214887,53.9123779965051,0.0,47.42434328949563
1628368,De'Aaron Fox,96.15384615384616,87.26415094339622,98.13850602898648,19.15294236515066,32.05249703727249,0.0,39.543313881520746,0.0,94.22161146207546,99.21882868089764,20.80903291592575,79.30561916737449,29.354544987296904,95.29911761754613,77.73444286211479,67.66254360926102,79.30561916737449,29.354544987296904,74.41548018904379,74.49236641221376,77.73444286211479,83.08641975308642,63.09374999999999,95.29911761754613,83.08641975308642,63.09374999999999,77.8593822013167,90.68804047343448,0.0,77.38266963232967,91.34567795887021,99.21882868089764,90.8135593220339,94.22161146207546,85.57156213106587,77.73444286211479,79.30561916737449,29.354544987296904,20.80903291592575,61.36697908163089
201942,DeMar DeRozan,100.0,96.22641509433963,49.755536273437215,24.827293363814885,81.45766783988493,0.0,49.9453727810651,0.0,92.45456050988706,97.13847837985769,68.5178507032095,82.71363161956155,0.0,82.41581344927357,71.31010874127885,87.51347922613382,82.71363161956155,0.0,73.61531373539816,67.30000000000001,71.31010874127885,69.23868312757202,63.09374999999999,82.41581344927357,69.23868312757202,63.09374999999999,65.34626720467652,93.22919820912487,0.0,73.4143275999025,88.8864237562932,97.13847837985769,96.2813559322034,92.45456050988706,92.34118345537306,71.31010874127885,82.71363161956155,0.0,68.5178507032095,88.12306462890822
1627749,Dejounte Murray,97.43589743589743,88.67924528301887,87.22078444687564,8.902501851434453,30.10598912002922,0.0,46.00176725838262,0.0,94.55932702792391,92.88866995073892,40.10652167882605,58.20520293789448,80.98896310922183,89.53047396011065,85.7648605131597,63.39359340310815,58.20520293789448,80.98896310922183,66.81389887941029,66.78625954198473,85.7648605131597,89.21810699588477,42.0625,89.53047396011065,89.21810699588477,42.0625,59.57504281548236,93.68259979682068,31.51737457586643,91.27186674582475,91.79281508661148,92.88866995073892,96.40084745762711,94.55932702792391,88.3222457336845,85.7648605131597,58.20520293789448,80.98896310922183,40.10652167882605,64.42144410379352
1630166,Deni Avdija,97.43589743589743,92.45283018867924,42.95269003404797,46.65015580670665,12.079563535814197,6.3272391621301605,26.321646090534944,0.0,90.73556570124651,96.53136288998357,23.94563369492426,66.64536942968647,89.80459547150168,89.04975365532437,91.54676122191204,56.99016809387884,66.64536942968647,89.80459547150168,96.82014089112148,82.71221374045803,91.54676122191204,55.39094650205762,73.81249999999999,89.04975365532437,55.39094650205762,73.81249999999999,63.746081147695755,91.62647631773508,7.273240286738403,98.5471604719412,96.7113234917655,96.53136288998357,95.83220338983051,90.73556570124651,91.14639479898175,91.54676122191204,66.64536942968647,89.80459547150168,23.94563369492426,50.45021904476508
1630217,Desmond Bane,100.0,98.58490566037736,70.04490069220968,48.75083860387506,30.157540471262145,0.0,48.054316824727785,0.0,89.5041561356923,81.30892172961138,32.888077697721755,80.18158167202397,70.28426666931055,92.79937203265743,71.95254215336244,87.51347922613382,80.18158167202397,70.28426666931055,80.41672859138603,75.51984732824428,71.95254215336244,69.23868312757202,94.84375,92.79937203265743,69.23868312757202,94.84375,82.0304205335301,92.23804124997592,53.33709543608166,73.4143275999025,91.79281508661148,81.30892172961138,91.50169491525423,89.5041561356923,85.71751677120481,71.95254215336244,80.18158167202397,70.28426666931055,32.888077697721755,74.77489047761748
1626164,Devin Booker,98.71794871794873,97.16981132075472,69.17882048713194,22.86862916710498,66.71213498188293,80.15665677717755,46.647228849581765,0.0,93.3569120947604,99.82594417077175,53.47632151900201,76.35156089524729,79.09989903159043,92.31865172787114,98.61352875483156,71.9314938154139,76.35156089524729,79.09989903159043,95.578277799245,96.06946564885497,98.61352875483156,55.39094650205762,63.09374999999999,92.31865172787114,55.39094650205762,63.09374999999999,76.46903609057891,93.79858624948704,94.55212372759931,93.91742810077616,98.05273487498934,99.82594417077175,95.68389830508475,93.3569120947604,95.19012901744186,98.61352875483156,76.35156089524729,79.09989903159043,53.47632151900201,86.63806711013608
1630170,Devin Vassell,98.71794871794873,94.33962264150944,41.9766471215429,79.38907863104122,51.95281308323625,0.0,0.0,0.0,95.80793864680703,83.43382594417076,0.0,45.15489073108717,24.946728806156983,94.33767700797355,56.5341402633562,53.36187757691088,45.15489073108717,24.946728806156983,55.611568528371436,58.05267175572519,56.5341402633562,62.314814814814824,84.125,94.33767700797355,62.314814814814824,84.125,87.59180497648128,92.99722530379213,0.0,57.540959470193854,97.69946241146855,83.43382594417076,97.38559322033898,95.80793864680703,87.12216872829426,56.5341402633562,45.15489073108717,24.946728806156983,0.0,44.00469218373062
1628378,Donovan Mitchell,94.87179487179486,98.58490566037736,94.86722249468696,48.18365424863957,29.353339392028488,0.0,0.0,0.0,88.11291418713803,89.50498084291189,0.0,87.74578565916646,73.43270679869624,92.22250766691388,99.89839557899876,78.33491912464319,87.74578565916646,73.43270679869624,88.37677971643431,97.25190839694655,99.89839557899876,96.14197530864197,63.09374999999999,92.22250766691388,96.14197530864197,63.09374999999999,90.37249719795689,91.25742851379665,25.442233118278214,99.46866851184522,92.01638365048213,89.50498084291189,96.63983050847457,88.11291418713803,82.81812784484465,99.89839557899876,87.74578565916646,73.43270679869624,0.0,79.82219558485666
1630532,Franz Wagner,94.87179487179486,91.50943396226415,50.51225546291755,0.0,21.199634005353907,0.0,77.35636239316239,0.0,92.62147998293197,95.27257799671595,70.00728501344462,73.85145680317994,77.21083495395902,93.66466858127276,82.23147674669994,70.43767840152235,73.85145680317994,77.21083495395902,82.41714472550011,76.54732824427481,82.23147674669994,62.314814814814824,63.09374999999999,93.66466858127276,62.314814814814824,63.09374999999999,83.21092669802493,89.4332779400438,87.2788834408609,88.6263053908733,92.4635207782234,95.27257799671595,98.3415254237288,92.62147998293197,90.03542317209393,82.23147674669994,73.85145680317994,77.21083495395902,70.00728501344462,98.12548478552789
203084,Harrison Barnes,98.71794871794873,93.86792452830188,81.5811495654556,97.42138800583758,9.916668713523148,0.0,46.45172557172555,0.0,90.2246221340944,82.21959496442255,0.0,40.934807485191186,46.98580971185662,93.66466858127276,46.255205670018704,40.55502695845227,40.934807485191186,46.98580971185662,39.60823945545879,38.53053435114504,46.255205670018704,41.54320987654321,42.0625,93.66466858127276,41.54320987654321,42.0625,70.90765164762772,92.77579662142908,10.895752544801397,49.60427540533953,98.05273487498934,82.21959496442255,99.05847457627118,90.2246221340944,81.08978164786595,46.255205670018704,40.934807485191186,46.98580971185662,0.0,55.8319182232877
1629630,Ja Morant,94.87179487179486,82.0754716981132,88.203609854746,0.0,28.688963397558698,33.994776424683,76.42117125672681,0.0,94.88144928225259,71.33607006020799,73.82770414802908,11.362278908448909,57.06081812589077,90.49191456968325,97.97109534274797,27.107516650808773,11.362278908448909,57.06081812589077,78.01622923044913,82.71221374045803,97.97109534274797,69.23868312757202,63.09374999999999,90.49191456968325,69.23868312757202,63.09374999999999,73.6883438691033,87.59858314332128,0.0,84.65796335844612,91.66311118696134,71.33607006020799,92.81610169491526,94.88144928225259,91.46279253576681,97.97109534274797,11.362278908448909,57.06081812589077,73.82770414802908,95.90692474303111
1630183,Jaden McDaniels,96.15384615384616,87.26415094339622,79.57068397480363,7.276547162482694,33.055562378410464,0.0,97.6344837144837,0.0,89.24421443643438,74.93420908593323,55.29705688378608,51.06300727534156,95.71257993332425,91.93407548404211,58.46144049960699,57.630827783063744,51.06300727534156,95.71257993332425,59.212317569776786,57.02519083969466,58.46144049960699,76.16255144032922,0.0,91.93407548404211,76.16255144032922,0.0,90.37249719795689,92.44892570936932,75.15681629629688,58.20234980893171,84.86218960662171,74.93420908593323,99.77542372881356,89.24421443643438,80.41712799282561,58.46144049960699,51.06300727534156,95.71257993332425,55.29705688378608,56.5864036046835
1628973,Jalen Brunson,94.87179487179486,89.62264150943396,60.97984917013854,1.342247295051735,51.88721609702005,0.0,38.77061901061894,0.0,94.4481985135669,87.9871921182266,31.450798891681675,70.44344435099288,19.279536573262767,90.29962644776873,95.0801449883718,54.85569299080242,70.44344435099288,19.279536573262767,95.97836102606783,97.76564885496182,95.0801449883718,55.39094650205762,21.03125,90.29962644776873,55.39094650205762,21.03125,65.34626720467652,96.40300932299544,52.11078083631905,89.28769572961116,95.59348067241231,87.9871921182266,99.50762711864407,94.4481985135669,89.52480590166346,95.0801449883718,70.44344435099288,19.279536573262767,31.450798891681675,74.96276708685772
1630224,Jalen Green,97.43589743589743,87.73584905660378,86.80615497793033,81.94632299079112,42.80695328004155,0.0,10.623794871794834,0.0,94.20849265409291,95.0135741652983,0.0,76.38350675071756,79.34069126051878,90.87649081351228,99.25596216691515,59.76530288614017,76.38350675071756,79.34069126051878,71.21481437446127,82.19847328244275,99.25596216691515,76.16255144032922,63.09374999999999,90.87649081351228,76.16255144032922,63.09374999999999,93.1531894194325,95.02171611396872,16.970894002389624,70.10737590621319,94.34593395340899,95.0135741652983,89.26016949152542,94.20849265409291,97.59548782901247,99.25596216691515,76.38350675071756,79.34069126051878,0.0,44.16391968834282
1630552,Jalen Johnson,97.43589743589743,96.69811320754717,66.34867644289187,0.0,28.60949258482308,95.15459563664189,60.77605638026689,0.0,94.66797971341911,93.14767378215655,70.15561502626628,62.84729450838007,53.9123779965051,92.03021954499937,84.8012103950343,31.376466856961628,62.84729450838007,53.9123779965051,90.01872603513361,87.8496183206107,84.8012103950343,83.08641975308642,84.125,92.03021954499937,83.08641975308642,84.125,5.351544496708216,90.78293848016152,77.58122972520968,93.51615546320447,90.6749722672583,93.14767378215655,94.1593220338983,94.66797971341911,89.02198103610502,84.8012103950343,62.84729450838007,53.9123779965051,70.15561502626628,81.1154513660704
1631114,Jalen Williams,98.71794871794873,99.52830188679245,46.67923637222312,0.0,41.67449419855897,67.19582113974637,76.15127825261159,0.0,97.76702274982134,90.76376573617952,80.48510104045621,84.36971906244966,19.279536573262767,97.70271914147757,80.94660992253276,82.60386933079607,84.36971906244966,19.279536573262767,68.41423178670155,69.35496183206106,80.94660992253276,83.08641975308642,63.09374999999999,97.70271914147757,83.08641975308642,63.09374999999999,90.16265725171392,91.7951838852498,0.0,89.28769572961116,91.79281508661148,90.76376573617952,99.98559322033898,97.76702274982134,94.76292045063073,80.94660992253276,84.36971906244966,19.279536573262767,80.48510104045621,75.60572259403543
1627750,Jamal Murray,97.43589743589743,98.58490566037736,73.85444242429168,47.49739251495691,47.300500861924355,0.0,2.701980450488728,0.0,86.66749464280834,67.95238095238096,4.248943542008343,74.24151927229927,2.907647900457322,86.83844025330744,86.4072939252433,48.452267681573126,74.24151927229927,2.907647900457322,98.37886038700474,92.98702290076338,86.4072939252433,62.314814814814824,84.125,86.83844025330744,62.314814814814824,84.125,87.59180497648128,94.72647787081797,35.139886833929424,93.91742810077616,92.01638365048213,67.95238095238096,94.01101694915253,86.66749464280834,80.25711983363092,86.4072939252433,74.24151927229927,2.907647900457322,4.248943542008343,75.18801141948276
1627759,Jaylen Brown,100.0,94.81132075471697,96.92439329106882,10.071293889040344,58.34761652849701,56.07804011130775,75.90025876264406,0.0,95.56711256427786,94.66546250684182,75.91006762045467,94.07591052801047,88.78601164867578,91.35721111829857,87.25293617932938,91.14176974310182,94.07591052801047,88.78601164867578,85.17611390185179,88.51832061068701,87.25293617932938,69.23868312757202,84.125,91.35721111829857,69.23868312757202,84.125,67.91711947990915,96.95130891741826,42.41312712066782,99.46866851184522,93.35779503370595,94.66546250684182,94.99576271186442,95.56711256427786,91.04250702917736,87.25293617932938,94.07591052801047,88.78601164867578,75.91006762045467,90.45349654550502
1628369,Jayson Tatum,97.43589743589743,99.05660377358491,93.42984033567654,92.65510906469467,31.255870648919228,0.7937317096195717,0.0,0.0,98.8797979811034,99.8704980842912,0.0,96.18595215095847,62.72801035878495,94.04924482510178,93.15284475212101,86.87281953694894,96.18595215095847,62.72801035878495,87.2181434473739,91.95954198473282,93.15284475212101,96.93415637860082,42.0625,94.04924482510178,96.93415637860082,42.0625,0.0,96.5611726675405,0.0,94.8389361406802,91.88667975083197,99.8704980842912,98.3415254237288,98.8797979811034,97.45789602282842,93.15284475212101,96.18595215095847,62.72801035878495,0.0,71.64186434028714
203924,Jerami Grant,98.71794871794873,99.52830188679245,61.876558157593585,91.65049281864796,17.199222300016693,0.0,47.822692307692236,0.0,89.14890572244228,81.91603721948549,0.0,45.15489073108717,64.85786666534472,89.2420417772389,73.23740897752964,44.82397716460513,45.15489073108717,64.85786666534472,74.41548018904379,65.7587786259542,73.23740897752964,48.46707818930041,73.81249999999999,89.2420417772389,48.46707818930041,73.81249999999999,76.46903609057891,90.31899266949605,0.0,62.17069184135888,98.72344056660124,81.91603721948549,97.26610169491525,89.14890572244228,86.57728082327331,73.23740897752964,45.15489073108717,64.85786666534472,0.0,85.50094895614826
202710,Jimmy Butler III,100.0,91.50943396226415,14.684614210228354,34.61029200640677,36.38843726284523,0.0,53.66031786395424,0.0,82.9523750095019,85.86228790366722,85.18914828587135,98.71800209849606,6.056088029842977,95.01068543467436,72.59497556544603,95.41071994925467,98.71800209849606,6.056088029842977,80.0166453645632,62.6763358778626,72.59497556544603,96.93415637860082,42.0625,95.01068543467436,96.93415637860082,42.0625,79.03988836581155,92.7336197295504,23.017819689365414,97.48449749563164,83.96791535113917,85.86228790366722,96.75932203389831,82.9523750095019,86.09915226468287,72.59497556544603,98.71800209849606,6.056088029842977,85.18914828587135,36.96622240126024
203903,Jordan Clarkson,98.71794871794873,91.50943396226415,93.23559950337783,4.168104374780812,23.138893664887316,0.0,68.38719334719333,0.0,99.38223597897485,99.26338259441707,5.8578563348136825,46.42091570485597,95.71257993332425,92.60708391074292,65.20699132648473,27.74817633999365,46.42091570485597,95.71257993332425,34.407157506762175,37.50305343511451,65.20699132648473,27.69547325102881,21.03125,92.60708391074292,27.69547325102881,21.03125,66.73661331541432,95.84416550560294,89.7032968697737,44.97454303417451,99.17057769434253,99.26338259441707,99.17796610169492,99.38223597897485,92.03755262708442,65.20699132648473,46.42091570485597,95.71257993332425,5.8578563348136825,46.606267352487606
1629673,Jordan Poole,97.43589743589743,94.33962264150944,86.99944646641946,72.63939988103367,10.72855971930865,0.0,0.0,0.0,96.16520586234162,98.91527093596059,0.0,78.07154004907595,91.69365954913309,87.22301649713647,75.48592591982221,66.16872819536948,78.07154004907595,91.69365954913309,53.61115239425735,58.56641221374046,75.48592591982221,41.54320987654321,84.125,87.22301649713647,41.54320987654321,84.125,51.44280609729854,90.15028510198132,0.0,48.2814947278638,83.16750575987713,98.91527093596059,97.23728813559322,96.16520586234162,99.15249235298815,75.48592591982221,78.07154004907595,91.69365954913309,0.0,66.57588932875589
201950,Jrue Holiday,97.43589743589743,96.22641509433963,77.23247421548459,45.50575398436868,21.9054771582302,0.0,0.0,0.0,96.16236340863964,85.25517241379312,0.0,72.55348597394088,60.83894628115356,95.58754980041792,72.91619227148783,69.79701871233748,72.55348597394088,60.83894628115356,65.21356597211903,68.8412213740458,72.91619227148783,69.23868312757202,21.03125,95.58754980041792,69.23868312757202,21.03125,97.11438780540293,90.86729226391887,52.11078083631905,82.01240200349469,99.17057769434253,85.25517241379312,99.86610169491526,96.16236340863964,87.01259189900487,72.91619227148783,72.55348597394088,60.83894628115356,0.0,39.061509950994186
203944,Julius Randle,96.15384615384616,82.0754716981132,58.153076413446584,36.56135026767422,35.404247073718565,0.0,78.97009446693659,0.0,93.78847729032874,95.62068965517241,64.14279619769535,95.79588968183916,84.76709126448462,91.26106705734132,82.87391015878353,93.27624484617824,95.79588968183916,84.76709126448462,84.4175608596142,78.60229007633589,82.87391015878353,76.16255144032922,42.0625,91.26106705734132,76.16255144032922,42.0625,62.35573503695795,92.13259902027924,96.9765371565121,84.65796335844612,92.4635207782234,95.62068965517241,95.83220338983051,93.78847729032874,91.55474842486635,82.87391015878353,95.79588968183916,84.76709126448462,64.14279619769535,92.2361872528454
202695,Kawhi Leonard,100.0,93.86792452830188,68.90543339585979,7.917463201184072,50.43529105159534,38.2732615683767,27.079164684113067,0.0,85.75591219936256,82.52315270935962,34.41209602165208,81.44760664579276,89.17490744562456,91.54949924021308,95.2833538303743,76.84110371075165,81.44760664579276,89.17490744562456,88.37677971643431,99.66564885496183,95.2833538303743,68.44650205761317,84.125,91.54949924021308,68.44650205761317,84.125,58.184696704744574,97.16219337681167,18.16899283153981,77.64278733349583,87.09787524532811,82.52315270935962,93.41355932203389,85.75591219936256,81.33210647548358,95.2833538303743,81.44760664579276,89.17490744562456,34.41209602165208,86.3380178710635
201142,Kevin Durant,93.58974358974359,86.79245283018868,38.97985515960429,8.962482233778612,74.62713404753005,48.063015710726795,41.04015065913368,0.0,83.1420569314233,74.63065134099618,44.31859161393965,85.66768989168875,95.0828919074471,91.93407548404211,84.47999368899252,97.54519505233112,85.66768989168875,95.0828919074471,95.97836102606783,90.41832061068705,84.47999368899252,55.39094650205762,10.718749999999988,91.93407548404211,55.39094650205762,10.718749999999988,98.50473391614074,96.51899577566182,66.65726140979586,99.20855081067906,83.74434678726853,74.63065134099618,95.56440677966101,83.1420569314233,77.44454239605638,84.47999368899252,85.66768989168875,95.0828919074471,44.31859161393965,89.22003977442994
203114,Khris Middleton,98.71794871794873,95.28301886792453,50.731135023896755,78.2221825523847,89.21112952479248,0.0,72.68826546003015,0.0,96.97826340454368,90.7192118226601,35.20492456327209,72.16342350482157,97.3608517820273,83.56954218076068,63.60090779627574,59.76530288614017,72.16342350482157,97.3608517820273,40.80848913592724,44.181679389312976,63.60090779627574,48.46707818930041,21.03125,83.56954218076068,48.46707818930041,21.03125,95.72404169466513,90.46661179107143,0.0,48.2814947278638,93.89879682566772,90.7192118226601,95.44491525423729,96.97826340454368,99.91669696565243,63.60090779627574,72.16342350482157,97.3608517820273,35.20492456327209,66.94961124158775
202691,Klay Thompson,98.71794871794873,94.33962264150944,28.476438999262797,39.06080936998981,36.92243948682828,0.0,0.0,0.0,97.57445411336604,83.73738368910783,0.0,40.512799160601574,95.71257993332425,93.28009233744372,68.74037509294449,29.882651443070085,40.512799160601574,95.71257993332425,46.80973753826948,54.45648854961833,68.74037509294449,34.61934156378601,63.09374999999999,93.28009233744372,34.61934156378601,63.09374999999999,59.78488276172532,88.16797118368343,0.0,50.92705608281525,87.86244560116052,83.73738368910783,91.53050847457628,97.57445411336604,91.40768234077271,68.74037509294449,40.512799160601574,95.71257993332425,0.0,17.28287562926064
1630163,LaMelo Ball,98.71794871794873,84.90566037735849,62.3142554484281,60.38959271419828,15.55331085319429,0.0,0.0,0.0,99.37419697100887,88.29074986316367,0.0,37.94880335759368,40.05924142720817,90.29962644776873,98.29231204878977,48.452267681573126,37.94880335759368,40.05924142720817,80.41672859138603,88.87709923664123,98.29231204878977,83.08641975308642,63.09374999999999,90.29962644776873,83.08641975308642,63.09374999999999,83.21092669802493,95.15879101257441,0.0,88.6263053908733,90.99240549534943,88.29074986316367,92.5771186440678,99.37419697100887,93.30209604778939,98.29231204878977,37.94880335759368,40.05924142720817,0.0,37.81967003925739
1628374,Lauri Markkanen,91.02564102564102,86.79245283018868,78.72088033349678,45.452110148946545,22.932296400022256,0.0,30.91410256410253,0.0,89.67644632958651,92.23700054734539,10.542883760067323,42.62284078354958,88.78601164867578,89.2420417772389,86.4072939252433,44.82397716460513,42.62284078354958,88.78601164867578,93.17777843830811,98.6381679389313,86.4072939252433,69.23868312757202,94.84375,89.2420417772389,69.23868312757202,94.84375,69.30746559064696,89.83395841289123,0.0,91.9332570845626,93.35779503370595,92.23700054734539,92.93559322033897,89.67644632958651,87.11738900982915,86.4072939252433,42.62284078354958,88.78601164867578,10.542883760067323,87.23737222388705
2544,LeBron James,96.15384615384616,82.0754716981132,39.35140575766022,64.6913139470941,41.56790981441942,0.0,86.83401374224904,0.0,92.16987547750367,96.22780514504652,73.40578736603429,57.361186288715274,48.245185763610884,91.93407548404211,84.15877698295073,46.31779257849667,57.361186288715274,48.245185763610884,83.61739440596855,78.60229007633589,84.15877698295073,83.08641975308642,73.81249999999999,91.93407548404211,83.08641975308642,73.81249999999999,70.69781170138477,94.25198783718282,63.034749151732875,98.1458878343695,84.86218960662171,96.22780514504652,88.06525423728814,92.16987547750367,84.09913737907591,84.15877698295073,57.361186288715274,48.245185763610884,73.40578736603429,90.65844564443165
1629029,Luka Dončić,97.43589743589743,91.50943396226415,47.49059996730425,26.721431561322696,39.87054175862902,61.784197111299896,0.0,0.0,88.14141191537198,88.89786535303777,0.0,36.68277838382489,69.0248906175563,88.85746553340987,81.79225217661885,22.83856644465587,36.68277838382489,69.0248906175563,65.97211901435662,82.86717557251907,81.79225217661885,89.21810699588477,94.84375,88.85746553340987,89.21810699588477,94.84375,47.06192781884218,93.78804202651737,92.1277102986865,75.65861631728225,93.5813635975766,88.89786535303777,93.20338983050847,88.14141191537198,83.56404567722494,81.79225217661885,36.68277838382489,69.0248906175563,0.0,84.06612375509748
1629008,Michael Porter Jr.,94.87179487179486,97.16981132075472,99.77173053386885,78.33275825008769,37.0222298638197,0.0,0.0,0.0,91.74568143925622,89.80853858784894,0.0,69.63137355728396,81.85944336402731,85.01170309511956,93.7952781642046,64.03425309229304,69.63137355728396,81.85944336402731,96.82014089112148,94.52824427480915,93.7952781642046,76.16255144032922,63.09374999999999,85.01170309511956,76.16255144032922,63.09374999999999,47.06192781884218,96.6982475661462,0.0,93.2560377620383,96.48775492789487,89.80853858784894,97.35677966101694,91.74568143925622,85.02740515750436,93.7952781642046,69.63137355728396,81.85944336402731,0.0,62.58333224757116
1628969,Mikal Bridges,100.0,98.58490566037736,98.66775837274837,83.03825442884408,39.38654296952975,0.0,76.19473272490218,0.0,92.87213251115001,87.3800766283525,0.0,66.67731528515677,0.0,92.31865172787114,54.60684002710543,78.97557881382811,66.67731528515677,0.0,57.61198466248552,60.10763358778626,54.60684002710543,90.01028806584362,31.74999999999998,92.31865172787114,90.01028806584362,31.74999999999998,79.24972831205451,95.73872327590627,54.535194265231844,65.47764353504817,90.45140370338767,87.3800766283525,98.81949152542373,92.87213251115001,80.3452632860905,54.60684002710543,66.67731528515677,0.0,0.0,26.842268376580623
1628970,Miles Bridges,98.71794871794873,93.86792452830188,69.03851440127391,41.53849433359687,9.05967265186064,0.0,35.673557454890755,0.0,95.96194610495462,98.91527093596059,0.0,64.98928198679836,55.17175404825938,89.62661802106793,70.98889203523706,68.30320329844592,64.98928198679836,55.17175404825938,68.41423178670155,69.35496183206106,70.98889203523706,41.54320987654321,84.125,89.62661802106793,41.54320987654321,84.125,72.08815781212256,95.970696181239,84.8544700119481,75.3984986161161,97.15846061950678,98.91527093596059,98.22203389830509,95.96194610495462,90.15399725868754,70.98889203523706,64.98928198679836,55.17175404825938,0.0,63.97407296418384
203999,Nikola Jokić,93.58974358974359,66.03773584905662,76.79581494196502,0.0,25.16000519316727,76.83670348343246,67.05017435897435,0.0,78.0086768130113,84.64805692391899,77.82434062449485,6.720187337963301,19.279536573262767,89.14589771628162,92.83162804607922,0.0,6.720187337963301,19.279536573262767,89.17694617007996,89.39083969465649,92.83162804607922,96.93415637860082,31.74999999999998,89.14589771628162,96.93415637860082,31.74999999999998,0.0,91.82681655415881,0.0,59.12385784883574,72.78948715760731,84.64805692391899,99.29745762711865,78.0086768130113,71.86398884468312,92.83162804607922,6.720187337963301,19.279536573262767,77.82434062449485,88.6971457833165
1626181,Norman Powell,96.15384615384616,98.58490566037736,90.08254078155701,73.71189301728785,25.580252193488896,0.0,0.0,0.0,89.223552923976,84.64805692391899,0.0,51.907023924520765,81.22975533815018,90.29962644776873,84.15877698295073,53.36187757691088,51.907023924520765,81.22975533815018,86.81806022055109,79.11603053435115,84.15877698295073,76.16255144032922,42.0625,90.29962644776873,76.16255144032922,42.0625,75.0786899798411,88.55810743356122,14.546480573476817,74.73710827737823,94.92277498080041,84.64805692391899,98.81949152542373,89.223552923976,83.50497711273489,84.15877698295073,51.907023924520765,81.22975533815018,0.0,93.46861309702183
1628384,OG Anunoby,98.71794871794873,86.79245283018868,49.07487330390714,57.506191572485,14.26898442668052,0.0,60.22232478632474,0.0,87.06592207986381,82.82671045429666,0.0,37.98074921306398,74.30318705350172,94.04924482510178,62.316040972108546,46.95845226768157,37.98074921306398,74.30318705350172,66.81389887941029,61.648854961832065,62.316040972108546,89.21810699588477,52.78125,94.04924482510178,89.21810699588477,52.78125,91.55300336245173,94.72647787081797,0.0,65.47764353504817,91.79281508661148,82.82671045429666,98.93898305084745,87.06592207986381,79.87993930998088,62.316040972108546,37.98074921306398,74.30318705350172,0.0,71.9708320847068
1631094,Paolo Banchero,94.87179487179486,82.0754716981132,43.68469020761808,36.107354018417745,39.74931376003858,3.9063296516567703,95.16674358974355,0.0,97.00525326570506,92.58511220580186,87.80201947349443,99.17195627855594,94.21241165264162,90.29962644776873,88.01337745545229,89.00729464002536,99.17195627855594,94.21241165264162,88.81847635466517,82.19847328244275,88.01337745545229,48.46707818930041,73.81249999999999,90.29962644776873,48.46707818930041,73.81249999999999,34.548812822202,93.54552489821498,0.0,91.27186674582475,97.38202918337741,92.58511220580186,92.60593220338984,97.00525326570506,97.5954878290125,88.01337745545229,99.17195627855594,94.21241165264162,87.80201947349443,65.87254020577366
1627783,Pascal Siakam,97.43589743589743,84.43396226415094,76.46283065802437,0.0,40.98889734922897,6.177684906656877,85.93556756756755,0.0,97.42219792225323,91.32632731253422,80.62693639511576,80.18158167202397,92.32334757501023,87.31916055809373,93.7952781642046,81.11005391690453,80.18158167202397,92.32334757501023,96.01997443747585,95.55572519083971,93.7952781642046,76.16255144032922,84.125,87.31916055809373,76.16255144032922,84.125,67.91711947990915,91.4472245272507,0.0,85.98074403592186,91.79281508661148,91.32632731253422,82.80762711864406,97.42219792225323,90.16638683716052,93.7952781642046,80.18158167202397,92.32334757501023,80.62693639511576,85.83031783317917
202331,Paul George,97.43589743589743,91.50943396226415,55.84074574572811,94.3267027232128,58.073153473437664,0.0,0.0,0.0,96.59849772225748,81.00536398467433,0.0,73.85145680317994,69.0248906175563,92.89551609361469,73.55862568357144,76.84110371075165,73.85145680317994,69.0248906175563,69.21439824034718,71.40992366412215,73.55862568357144,82.29423868312757,84.125,92.89551609361469,82.29423868312757,84.125,87.38196503023833,94.20981094530416,87.2788834408609,77.38266963232967,98.14659953920983,81.00536398467433,97.98305084745762,96.59849772225748,88.83874100007549,73.55862568357144,73.85145680317994,69.0248906175563,0.0,56.48462949748083
1629628,RJ Barrett,100.0,99.05660377358491,49.225647656250885,6.97222409235806,6.8422702545521075,0.0,63.78534696073156,0.0,93.30884218810941,97.09392446633825,34.820786858291406,66.25530696056717,79.72958705746757,90.87649081351228,81.58904333461633,70.43767840152235,66.25530696056717,79.72958705746757,77.21606277680351,73.46488549618321,81.58904333461633,48.46707818930041,63.09374999999999,90.87649081351228,48.46707818930041,63.09374999999999,77.64954225507375,93.62987868197233,81.20374198327266,74.07571793864037,90.22783513951703,97.09392446633825,85.67542372881356,93.30884218810941,86.14670506615887,81.58904333461633,66.25530696056717,79.72958705746757,34.820786858291406,89.67757843993984
1630567,Scottie Barnes,97.43589743589743,88.20754716981132,49.07487330390714,7.7650167434073385,41.93334198861211,0.0,77.29641025641027,0.0,94.64125953536387,92.2815544608648,94.48250991705729,92.38787722965206,57.69050615176792,94.24153294701631,72.59497556544603,74.06596891849033,92.38787722965206,57.69050615176792,72.41506405492972,71.92366412213741,72.59497556544603,96.93415637860082,0.0,94.24153294701631,96.93415637860082,0.0,47.06192781884218,93.5033480063363,88.47698227001108,91.9332570845626,86.65073811758683,92.2815544608648,97.38559322033898,94.64125953536387,88.15131039552176,72.59497556544603,92.38787722965206,57.69050615176792,94.48250991705729,69.16677369179617
1628983,Shai Gilgeous-Alexander,100.0,91.98113207547169,80.58671294375071,40.75208487619536,65.22964309339663,68.95601594667014,86.23553977646283,0.0,78.88917894540539,82.82671045429666,92.854885661069,59.89323623625287,12.982656314491425,98.85644787296468,96.24700394849968,59.1246431969553,59.89323623625287,12.982656314491425,75.5741164581042,99.66564885496183,96.24700394849968,96.93415637860082,31.74999999999998,98.85644787296468,96.93415637860082,31.74999999999998,86.20145886574349,92.61763327688404,0.0,63.092199881262914,76.36658417953748,82.82671045429666,94.96694915254237,78.88917894540539,75.45216580534988,96.24700394849968,59.89323623625287,12.982656314491425,92.854885661069,78.58716236881698
201939,Stephen Curry,94.87179487179486,94.33962264150944,64.91403298756681,85.33176813981643,28.932502984974317,7.219740364147986,0.0,0.0,83.90969026129525,80.70180623973727,0.0,96.60796047554805,94.21241165264162,89.62661802106793,98.93474546087336,99.67967015540755,96.60796047554805,94.21241165264162,93.57786166513092,95.55572519083971,98.93474546087336,76.16255144032922,84.125,89.62661802106793,76.16255144032922,84.125,79.24972831205451,90.69858469640415,67.88357600955847,96.5629894557276,95.36991210854168,80.70180623973727,89.7093220338983,83.90969026129525,78.45823518020809,98.93474546087336,96.60796047554805,94.21241165264162,0.0,71.75977392610062
1629027,Trae Young,94.87179487179486,77.35849056603774,77.39750086979123,46.65015580670665,35.541792711145604,8.455511259249594,0.0,0.0,88.92547659257775,97.3974822112753,0.0,14.316337180576111,6.056088029842977,80.68522035204295,84.15877698295073,29.2419917538852,14.316337180576111,6.056088029842977,71.61489760128407,60.62137404580154,84.15877698295073,62.314814814814824,21.03125,80.68522035204295,62.314814814814824,21.03125,51.44280609729854,85.98531702896182,0.0,84.65796335844612,97.60559774724805,97.3974822112753,98.58050847457626,88.92547659257775,89.26866738000919,84.15877698295073,14.316337180576111,6.056088029842977,0.0,55.83654590120359
1630530,Trey Murphy III,97.43589743589743,96.22641509433963,88.80628581240238,99.82206838997396,13.8459148075606,0.0,0.0,0.0,88.41611113268914,84.95161466885605,0.0,67.52133193433596,69.0248906175563,87.31916055809373,71.63132544732065,81.11005391690453,67.52133193433596,69.0248906175563,86.01789376690544,81.68473282442748,71.63132544732065,96.14197530864197,84.125,87.31916055809373,96.14197530864197,84.125,91.55300336245173,92.75470817548975,0.0,80.68962132601897,94.92277498080041,84.95161466885605,94.13050847457627,88.41611113268914,81.29848760372754,71.63132544732065,67.52133193433596,69.0248906175563,0.0,60.901561741204155
1629639,Tyler Herro,98.71794871794873,91.98113207547169,52.85856971844726,0.0,29.984594002609743,0.0,0.0,0.0,90.63611365683734,85.25517241379312,0.0,83.97965659333036,65.87645048817063,88.08831304575179,79.66174309836556,87.51347922613382,83.97965659333036,65.87645048817063,82.0170614986773,80.1435114503817,79.66174309836556,48.46707818930041,84.125,88.08831304575179,48.46707818930041,84.125,98.71457386238367,91.04654405440326,0.0,80.68962132601897,92.68708934209404,85.25517241379312,90.42627118644067,90.63611365683734,83.66900597258801,79.66174309836556,83.97965659333036,65.87645048817063,0.0,55.36217852669755
1630178,Tyrese Maxey,94.87179487179486,94.33962264150944,77.65537902376526,65.1947881277561,29.580884658633355,54.069826717512015,1.1864424567679888,0.0,92.91038185374344,88.59430760810072,10.151966054510996,78.46160251819528,29.984233013174023,90.97263487446952,91.86797792795383,59.1246431969553,78.46160251819528,29.984233013174023,86.77644680914305,90.05954198473283,91.86797792795383,68.44650205761317,31.74999999999998,90.97263487446952,68.44650205761317,31.74999999999998,72.29799775836551,94.29416472906152,36.366201433692034,99.20855081067906,96.7113234917655,88.59430760810072,93.41355932203389,92.91038185374344,89.03048249305029,91.86797792795383,78.46160251819528,29.984233013174023,10.151966054510996,73.37722897336295
1641705,Victor Wembanyama,87.17948717948718,89.15094339622641,46.90604223557779,97.91800312576628,41.97469636927151,67.39227702563433,39.918676983765714,0.0,86.17440672845956,94.05834701696772,46.25627084502503,71.74141518023195,80.60006731227305,99.60524715171918,98.49552089079226,66.16872819536948,71.74141518023195,80.60006731227305,99.97919329429598,86.82213740458016,98.49552089079226,69.23868312757202,0.0,99.60524715171918,69.23868312757202,0.0,0.0,92.20640858106691,0.0,61.76941920378718,85.53289529823364,94.05834701696772,98.81949152542373,86.17440672845956,82.79971942381175,98.49552089079226,71.74141518023195,80.60006731227305,46.25627084502503,91.59853155611665
203897,Zach LaVine,98.71794871794873,94.33962264150944,94.80605729643118,92.98873530869912,43.37077333337541,0.0,0.45465721040187645,0.0,87.9226930481128,81.61247947454844,0.0,46.84292402944556,75.56256310525598,82.8003896931026,75.16470921378041,49.092927370758,46.84292402944556,75.56256310525598,76.81597954998068,71.92366412213741,75.16470921378041,48.46707818930041,63.09374999999999,82.8003896931026,48.46707818930041,63.09374999999999,61.175228872463116,94.06219182372878,0.0,63.493472518834594,92.91065790596468,81.61247947454844,94.84745762711864,87.9226930481128,82.22555200588053,75.16470921378041,46.84292402944556,75.56256310525598,0.0,67.29740142985574
1629627,Zion Williamson,100.0,69.33962264150944,0.0,0.0,3.763248640003658,0.0,4.162114398422101,0.0,82.80014128865541,75.88943623426381,3.633942689117553,73.42944847859036,99.49070808858706,89.53047396011065,80.30417651044915,68.30320329844592,73.42944847859036,99.49070808858706,84.01747763279137,66.78625954198473,80.30417651044915,69.23868312757202,94.84375,89.53047396011065,69.23868312757202,94.84375,74.86885003359815,90.78293848016152,0.0,93.2560377620383,65.85886167761754,75.88943623426381,85.55593220338983,82.80014128865541,75.55907381753416,80.30417651044915,73.42944847859036,99.49070808858706,3.633942689117553,49.01224038173395
