PLAYER_NAME,PLAYER_ID,MIN,OFF_RATING,DEF_RATING,NET_RATING,AST_PCT,AST_TO,OREB_PCT,DREB_PCT,REB_PCT,E_TOV_PCT,USG_PCT,TS_PCT,EFG_PCT,PACE,PIE
Aaron Gordon,203932,27.9,124.7,112.0,12.7,0.13,2.53,0.052,0.148,0.102,6.3,0.213,0.62,0.574,99.99,0.117
Amen Thompson,1641708,37.4,117.0,110.4,6.6,0.202,2.21,0.078,0.123,0.101,10.4,0.195,0.594,0.545,98.4,0.128
Andrew Wiggins,203952,30.3,113.7,113.9,-0.1,0.123,1.77,0.051,0.098,0.074,8.7,0.194,0.586,0.559,104.97,0.092
Anfernee Simons,1629014,24.9,116.9,114.0,3.0,0.151,1.97,0.021,0.075,0.047,7.7,0.227,0.576,0.552,97.42,0.096
Anthony Edwards,1630162,35.0,117.8,114.3,3.5,0.174,1.3,0.017,0.12,0.069,9.5,0.309,0.617,0.572,101.5,0.145
Austin Reaves,1630559,34.5,117.3,112.3,5.0,0.237,1.85,0.02,0.117,0.071,11.1,0.258,0.641,0.567,100.41,0.137
Bam Adebayo,1628389,32.4,117.1,111.0,6.1,0.142,1.93,0.059,0.236,0.146,7.1,0.248,0.551,0.497,103.89,0.138
Bradley Beal,203078,20.2,119.1,128.5,-9.3,0.106,1.11,0.019,0.025,0.022,12.8,0.224,0.476,0.448,97.65,0.018
Brandon Ingram,1627742,33.8,114.6,113.7,1.0,0.169,1.52,0.024,0.144,0.083,9.8,0.264,0.573,0.529,98.87,0.121
Brandon Miller,1641706,30.3,119.8,111.3,8.5,0.173,1.33,0.034,0.122,0.078,10.7,0.272,0.574,0.533,98.44,0.113
Buddy Hield,1627741,16.1,110.2,115.0,-4.9,0.129,1.48,0.032,0.106,0.069,10.4,0.192,0.568,0.55,103.88,0.085
CJ McCollum,203468,29.8,113.6,112.0,1.5,0.194,2.17,0.025,0.077,0.051,8.0,0.247,0.566,0.538,103.12,0.105
Cade Cunningham,1630595,33.9,120.4,109.0,11.4,0.43,2.69,0.025,0.132,0.079,10.6,0.296,0.564,0.513,100.94,0.159
Cam Thomas,1630560,21.0,111.7,123.8,-12.1,0.208,1.46,0.012,0.071,0.041,10.3,0.295,0.53,0.466,96.65,0.089
Chet Holmgren,1631096,28.9,118.4,102.3,16.1,0.082,1.07,0.067,0.221,0.149,9.5,0.214,0.653,0.614,101.09,0.154
Collin Sexton,1629012,23.7,110.5,113.6,-3.0,0.217,1.58,0.024,0.065,0.045,11.6,0.248,0.615,0.561,103.17,0.113
Darius Garland,1629636,29.9,117.9,115.2,2.6,0.322,2.32,0.013,0.063,0.039,11.2,0.266,0.582,0.551,101.84,0.112
De'Aaron Fox,1628368,31.0,118.8,108.9,9.9,0.286,2.71,0.018,0.092,0.056,9.3,0.242,0.578,0.549,103.67,0.117
DeMar DeRozan,201942,31.2,110.6,122.3,-11.7,0.196,3.29,0.015,0.081,0.047,6.0,0.222,0.594,0.52,101.26,0.111
Dejounte Murray,1627749,27.8,116.2,114.9,1.3,0.336,1.89,0.011,0.188,0.101,13.9,0.267,0.58,0.536,100.83,0.138
Deni Avdija,1630166,33.3,115.7,115.4,0.3,0.316,1.75,0.031,0.167,0.098,12.5,0.285,0.6,0.521,102.78,0.149
Desmond Bane,1630217,33.6,113.6,111.5,2.2,0.19,2.06,0.034,0.084,0.059,8.8,0.224,0.607,0.553,102.2,0.111
Devin Booker,1626164,33.5,115.9,112.0,3.9,0.293,1.92,0.021,0.091,0.055,10.0,0.307,0.585,0.507,100.72,0.142
Devin Vassell,1630170,30.5,121.3,109.9,11.4,0.107,2.78,0.019,0.102,0.063,5.8,0.176,0.574,0.547,101.48,0.087
Donovan Mitchell,1628378,33.5,119.3,112.1,7.2,0.266,2.01,0.021,0.108,0.065,9.0,0.311,0.613,0.563,103.13,0.152
Franz Wagner,1630532,30.0,114.2,110.6,3.6,0.175,1.95,0.041,0.128,0.084,7.6,0.256,0.588,0.529,104.86,0.134
Harrison Barnes,203084,25.8,118.4,110.6,7.8,0.097,2.43,0.03,0.071,0.051,7.3,0.144,0.608,0.577,101.69,0.075
Ja Morant,1629630,28.4,109.5,113.9,-4.4,0.447,2.27,0.013,0.096,0.053,11.7,0.305,0.521,0.441,106.6,0.128
Jaden McDaniels,1630183,31.7,115.5,112.4,3.1,0.121,1.52,0.033,0.094,0.065,10.8,0.182,0.611,0.579,102.0,0.088
Jalen Brunson,1628973,35.0,120.2,114.1,6.1,0.307,2.87,0.012,0.083,0.047,7.5,0.296,0.58,0.533,98.25,0.135
Jalen Green,1630224,25.9,114.2,113.5,0.7,0.181,1.26,0.017,0.122,0.067,10.1,0.309,0.516,0.491,99.56,0.106
Jalen Johnson,1630552,35.2,115.5,112.3,3.2,0.325,2.32,0.038,0.241,0.14,11.1,0.264,0.581,0.537,103.58,0.161
Jalen Williams,1631114,28.4,118.1,106.4,11.7,0.274,2.87,0.029,0.124,0.079,8.4,0.252,0.56,0.51,102.62,0.135
Jamal Murray,1627750,35.4,124.4,117.7,6.8,0.298,3.13,0.013,0.109,0.063,7.6,0.269,0.622,0.573,99.84,0.142
Jaylen Brown,1627759,34.4,119.5,113.0,6.5,0.251,1.41,0.032,0.155,0.095,10.8,0.351,0.573,0.522,97.73,0.152
Jayson Tatum,1628369,32.6,120.7,110.2,10.5,0.246,2.18,0.015,0.274,0.148,8.7,0.29,0.541,0.493,98.1,0.159
Jerami Grant,203924,29.7,114.9,115.2,-0.3,0.107,1.03,0.03,0.082,0.055,10.7,0.228,0.608,0.547,104.02,0.094
Jimmy Butler III,202710,31.1,116.6,109.2,7.3,0.24,3.08,0.073,0.101,0.087,7.2,0.226,0.646,0.554,101.73,0.155
Jordan Clarkson,203903,17.8,115.4,111.7,3.7,0.11,1.52,0.047,0.049,0.048,8.7,0.203,0.548,0.517,98.78,0.068
Jordan Poole,1629673,23.9,109.4,117.3,-7.9,0.185,1.72,0.009,0.067,0.037,10.1,0.235,0.53,0.48,104.18,0.073
Jrue Holiday,201950,29.4,114.6,108.6,6.1,0.302,2.21,0.042,0.108,0.074,11.9,0.227,0.573,0.548,103.5,0.124
Julius Randle,203944,33.0,117.0,113.1,4.0,0.227,1.83,0.05,0.146,0.099,10.6,0.258,0.585,0.526,102.3,0.128
Kawhi Leonard,202695,32.1,120.3,112.8,7.5,0.193,1.76,0.036,0.162,0.102,7.4,0.326,0.629,0.573,97.53,0.185
Kevin Durant,201142,36.4,117.9,112.4,5.5,0.203,1.51,0.014,0.131,0.073,11.2,0.263,0.641,0.588,98.14,0.15
Khris Middleton,203114,22.8,110.0,121.1,-11.1,0.171,1.63,0.033,0.118,0.075,12.2,0.198,0.533,0.482,103.88,0.073
Klay Thompson,202691,21.7,106.3,111.0,-4.7,0.096,1.52,0.011,0.074,0.043,6.9,0.214,0.541,0.532,106.06,0.077
LaMelo Ball,1630163,28.0,123.2,114.1,9.1,0.384,2.54,0.03,0.14,0.084,9.9,0.306,0.546,0.516,99.43,0.134
Lauri Markkanen,1628374,34.3,113.6,115.2,-1.5,0.101,1.41,0.054,0.134,0.094,5.9,0.269,0.608,0.548,104.48,0.139
LeBron James,2544,33.2,115.0,112.4,2.6,0.338,2.41,0.023,0.16,0.093,10.7,0.262,0.594,0.557,100.29,0.154
Luka Dončić,1629029,35.8,119.4,115.6,3.8,0.387,2.08,0.019,0.194,0.11,10.1,0.368,0.616,0.563,100.73,0.188
Michael Porter Jr.,1629008,32.5,113.0,119.6,-6.6,0.165,1.3,0.04,0.188,0.11,9.1,0.292,0.595,0.555,97.97,0.141
Mikal Bridges,1628969,32.8,118.0,112.0,6.0,0.158,3.66,0.029,0.085,0.057,6.0,0.17,0.587,0.571,98.88,0.099
Miles Bridges,1628970,31.0,118.3,114.8,3.5,0.154,2.3,0.03,0.155,0.092,7.1,0.221,0.57,0.531,98.66,0.114
Nikola Jokić,203999,34.8,126.1,115.3,10.8,0.458,2.87,0.089,0.27,0.185,10.6,0.289,0.67,0.618,102.59,0.213
Norman Powell,1626181,29.6,114.7,114.1,0.6,0.123,1.29,0.012,0.097,0.054,8.6,0.262,0.609,0.558,105.69,0.113
OG Anunoby,1628384,33.2,119.4,110.2,9.2,0.09,1.18,0.039,0.116,0.078,10.5,0.194,0.62,0.581,99.84,0.099
Paolo Banchero,1631094,34.7,114.0,114.1,-0.2,0.235,1.68,0.034,0.204,0.119,11.1,0.274,0.566,0.496,100.96,0.138
Pascal Siakam,1627783,33.2,111.5,117.2,-5.6,0.19,1.71,0.041,0.151,0.095,8.1,0.292,0.562,0.529,102.95,0.13
Paul George,202331,30.7,115.0,111.4,3.6,0.175,2.08,0.017,0.147,0.081,8.4,0.229,0.57,0.536,100.33,0.117
RJ Barrett,1629628,30.3,118.4,113.5,4.9,0.157,1.91,0.033,0.141,0.088,8.1,0.254,0.585,0.55,100.88,0.112
Scottie Barnes,1630567,33.5,114.6,110.0,4.6,0.255,2.26,0.055,0.166,0.11,10.8,0.226,0.577,0.537,101.0,0.139
Shai Gilgeous-Alexander,1628983,33.2,121.5,105.2,16.3,0.332,2.97,0.017,0.1,0.062,6.9,0.323,0.665,0.597,101.84,0.207
Stephen Curry,201939,30.9,117.6,114.8,2.8,0.245,1.68,0.013,0.1,0.057,9.9,0.308,0.637,0.587,103.66,0.146
Trae Young,1629027,25.6,116.1,124.1,-8.1,0.44,3.08,0.009,0.067,0.037,10.3,0.262,0.612,0.534,108.13,0.128
Trey Murphy III,1630530,35.5,113.6,117.2,-3.6,0.16,2.08,0.026,0.131,0.078,7.9,0.223,0.613,0.572,101.71,0.122
Tyler Herro,1629639,31.3,114.4,116.4,-2.0,0.199,2.13,0.013,0.129,0.071,8.4,0.248,0.602,0.561,103.33,0.122
Tyrese Maxey,1630178,38.0,115.0,113.4,1.5,0.288,2.7,0.008,0.096,0.052,7.4,0.286,0.588,0.536,100.25,0.15
Victor Wembanyama,1641705,29.2,120.5,103.6,17.0,0.17,1.28,0.071,0.285,0.186,9.5,0.316,0.626,0.569,102.23,0.209
Zach LaVine,203897,31.4,109.3,121.9,-12.6,0.111,1.2,0.006,0.083,0.044,9.6,0.234,0.614,0.569,100.47,0.096
Zion Williamson,1629627,29.7,113.0,114.9,-1.9,0.174,1.58,0.064,0.116,0.09,9.4,0.25,0.644,0.6,103.58,0.141
