PLAYER_ID,PLAYER_NAME,Restricted Area_FREQ,In The Paint (Non-RA)_FREQ,Mid-Range_FREQ,Corner 3_FREQ,Above the Break 3_FREQ,Backcourt_FREQ
203932,Aaron Gordon,32.432432432432435,15.315315315315313,12.612612612612612,11.711711711711713,27.927927927927932,0.0
1641708,Amen Thompson,48.484848484848484,29.54545454545454,10.606060606060606,6.8181818181818175,4.545454545454545,0.0
203952,Andrew Wiggins,27.272727272727277,19.834710743801658,12.396694214876035,9.917355371900829,30.578512396694222,0.0
1629014,Anfernee Simons,9.243697478991598,16.806722689075627,15.966386554621847,5.88235294117647,52.10084033613446,0.0
1630162,Anthony Edwards,22.16748768472906,16.748768472906402,19.21182266009852,4.433497536945813,37.4384236453202,0.0
1630559,Austin Reaves,23.48993288590604,27.516778523489933,6.0402684563758395,6.0402684563758395,36.91275167785235,0.0
1628389,Bam Adebayo,24.840764331210185,28.6624203821656,11.464968152866241,11.464968152866241,23.56687898089172,0.0
203078,Bradley Beal,18.75,25.0,16.25,8.75,31.25,0.0
1627742,Brandon Ingram,17.365269461077844,22.75449101796407,32.33532934131737,7.18562874251497,20.35928143712575,0.0
1641706,Brandon Miller,14.906832298136644,23.602484472049685,10.559006211180124,6.832298136645963,44.09937888198757,0.0
1627741,Buddy Hield,21.21212121212121,6.060606060606061,7.575757575757576,16.666666666666668,48.48484848484849,0.0
203468,CJ McCollum,17.647058823529413,20.26143790849673,18.30065359477124,6.535947712418301,37.254901960784316,0.0
1630595,Cade Cunningham,26.344086021505376,27.956989247311824,15.053763440860212,1.6129032258064515,29.03225806451613,0.0
1630560,Cam Thomas,16.363636363636363,23.636363636363637,23.636363636363637,5.454545454545454,30.909090909090907,0.0
1631096,Chet Holmgren,39.82300884955752,20.353982300884955,8.849557522123893,6.194690265486725,24.7787610619469,0.0
1629012,Collin Sexton,33.02752293577982,20.18348623853211,9.174311926605503,7.339449541284404,30.27522935779816,0.0
1629636,Darius Garland,19.463087248322147,24.161073825503358,10.738255033557047,5.369127516778524,40.26845637583892,0.0
1628368,De'Aaron Fox,22.75862068965517,26.206896551724135,13.103448275862068,8.275862068965518,29.655172413793103,0.0
201942,DeMar DeRozan,11.53846153846154,25.38461538461539,48.46153846153847,5.384615384615385,9.230769230769232,0.0
1627749,Dejounte Murray,26.153846153846157,27.692307692307693,12.307692307692308,5.384615384615384,28.46153846153846,0.0
1630166,Deni Avdija,36.41975308641976,22.222222222222225,4.938271604938272,4.320987654320987,32.098765432098766,0.0
1630217,Desmond Bane,30.136986301369866,21.917808219178085,12.328767123287673,7.534246575342467,28.082191780821912,0.0
1626164,Devin Booker,16.0427807486631,25.668449197860966,27.27272727272727,2.6737967914438503,28.342245989304814,0.0
1630170,Devin Vassell,9.734513274336283,11.504424778761061,21.238938053097343,17.699115044247787,39.82300884955752,0.0
1628378,Donovan Mitchell,22.000000000000004,22.000000000000004,12.0,5.500000000000001,38.5,0.0
1630532,Franz Wagner,34.666666666666664,29.333333333333332,8.666666666666666,4.666666666666665,22.666666666666664,0.0
203084,Harrison Barnes,18.918918918918916,14.864864864864865,4.0540540540540535,33.78378378378378,28.37837837837838,0.0
1629630,Ja Morant,25.92592592592593,35.80246913580247,11.728395061728394,3.7037037037037033,22.839506172839506,0.0
1630183,Jaden McDaniels,27.927927927927932,27.927927927927932,13.513513513513514,11.711711711711713,18.91891891891892,0.0
1628973,Jalen Brunson,14.141414141414144,28.787878787878796,21.212121212121215,6.060606060606061,29.797979797979806,0.0
1630224,Jalen Green,26.250000000000007,11.875,17.5,9.375000000000002,35.0,0.0
1630552,Jalen Johnson,30.994152046783626,29.239766081871345,11.695906432748536,2.3391812865497075,25.730994152046783,0.0
1631114,Jalen Williams,35.55555555555556,30.37037037037037,17.037037037037038,2.9629629629629632,14.074074074074073,0.0
1627750,Jamal Murray,17.127071823204417,22.099447513812155,19.337016574585633,4.972375690607735,36.46408839779005,0.0
1627759,Jaylen Brown,22.477064220183486,27.522935779816514,23.853211009174313,3.211009174311926,22.93577981651376,0.0
1628369,Jayson Tatum,21.666666666666668,15.555555555555555,12.777777777777777,4.444444444444445,45.55555555555555,0.0
203924,Jerami Grant,32.03125,13.28125,7.031250000000002,19.531250000000004,28.125000000000007,0.0
202710,Jimmy Butler III,42.97520661157025,23.96694214876033,14.87603305785124,8.264462809917356,9.917355371900827,0.0
203903,Jordan Clarkson,21.62162162162162,28.37837837837838,9.459459459459458,16.216216216216214,24.324324324324323,0.0
1629673,Jordan Poole,20.17543859649123,10.526315789473685,4.385964912280702,7.017543859649124,57.89473684210527,0.0
201950,Jrue Holiday,17.910447761194025,22.388059701492534,8.955223880597012,8.208955223880595,42.537313432835816,0.0
203944,Julius Randle,32.89473684210526,23.684210526315788,14.473684210526317,6.578947368421052,22.368421052631575,0.0
202695,Kawhi Leonard,15.979381443298971,27.83505154639176,20.61855670103093,3.608247422680413,31.958762886597942,0.0
201142,Kevin Durant,9.039548022598872,27.683615819209045,30.508474576271187,3.389830508474576,29.37853107344633,0.0
203114,Khris Middleton,11.76470588235294,17.647058823529413,36.47058823529412,10.588235294117647,23.52941176470588,0.0
202691,Klay Thompson,6.6037735849056585,5.660377358490565,15.09433962264151,16.9811320754717,55.660377358490564,0.0
1630163,LaMelo Ball,14.45086705202312,20.231213872832367,6.358381502890173,7.514450867052023,51.445086705202314,0.0
1628374,Lauri Markkanen,28.125000000000007,22.395833333333336,9.375,8.854166666666668,31.25,0.0
2544,LeBron James,37.254901960784316,19.607843137254903,16.99346405228758,5.228758169934641,20.915032679738562,0.0
1629029,Luka Dončić,11.01321585903084,25.110132158590314,16.299559471365644,3.083700440528635,44.49339207048459,0.0
1629008,Michael Porter Jr.,23.243243243243242,11.351351351351353,15.135135135135133,7.027027027027027,43.24324324324324,0.0
1628969,Mikal Bridges,22.88135593220339,16.94915254237288,16.101694915254235,21.1864406779661,22.88135593220339,0.0
1628970,Miles Bridges,30.37037037037037,22.962962962962965,3.703703703703704,12.592592592592593,30.37037037037037,0.0
203999,Nikola Jokić,28.57142857142857,34.857142857142854,10.285714285714285,1.7142857142857144,24.57142857142857,0.0
1626181,Norman Powell,25.490196078431378,18.30065359477124,10.457516339869283,7.189542483660132,38.56209150326798,0.0
1628384,OG Anunoby,35.0,8.333333333333332,5.833333333333333,25.0,25.833333333333336,0.0
1631094,Paolo Banchero,36.25000000000001,23.75,16.250000000000004,4.375,19.375000000000004,0.0
1627783,Pascal Siakam,28.64864864864865,29.18918918918919,16.756756756756758,4.324324324324325,21.08108108108108,0.0
202331,Paul George,12.949640287769787,13.66906474820144,23.741007194244606,12.23021582733813,37.41007194244605,0.0
1629628,RJ Barrett,34.96503496503497,27.97202797202797,2.797202797202797,9.090909090909092,25.174825174825173,0.0
1630567,Scottie Barnes,35.0,27.857142857142854,17.14285714285714,5.714285714285714,14.285714285714285,0.0
1628983,Shai Gilgeous-Alexander,27.692307692307693,23.076923076923077,26.666666666666668,1.5384615384615383,21.025641025641022,0.0
201939,Stephen Curry,15.053763440860212,12.36559139784946,11.827956989247312,4.301075268817204,56.4516129032258,0.0
1629027,Trae Young,17.948717948717952,22.222222222222225,14.529914529914532,4.273504273504273,41.02564102564102,0.0
1630530,Trey Murphy III,25.78616352201258,14.465408805031446,5.660377358490567,5.660377358490567,48.42767295597485,0.0
1629639,Tyler Herro,12.25806451612903,32.258064516129025,12.25806451612903,5.161290322580645,38.064516129032256,0.0
1630178,Tyrese Maxey,28.37209302325581,19.53488372093023,12.093023255813954,3.255813953488372,36.74418604651163,0.0
1641705,Victor Wembanyama,35.502958579881664,14.792899408284024,17.15976331360947,2.9585798816568047,29.585798816568047,0.0
203897,Zach LaVine,21.98581560283688,13.475177304964536,17.730496453900706,9.929078014184395,36.87943262411347,0.0
1629627,Zion Williamson,67.6923076923077,30.0,1.5384615384615385,0.0,0.7692307692307693,0.0
