Metric,Kobe_Value
PTS,24.994799405646358
AST,4.684992570579495
FGA,19.465081723625556
STL,1.4442793462109955
BLK,0.475482912332838
FG_PCT,0.44729007633587786
FG3_PCT,0.3294266137756942
FT_PCT,0.8368794326241135
TS_PCT,0.5496352864448891
EFG_PCT,0.48215648854961835
OFF_RATING,108.1277583648166
DEF_RATING,104.01058474579756
NET_RATING,4.124709045389331
AST_PCT,0.2369621502069878
AST_TO,1.5880880037492142
REB_PCT,0.0719245367953266
E_TOV_PCT,9.874873690138994
USG_PCT,0.3113163111354116
PACE,94.83866216377324
PIE,0.1511966446181105
Restricted Area_FREQ,23.190306853594365
In The Paint (Non-RA)_FREQ,14.491193218436996
Mid-Range_FREQ,40.88120891369127
Corner 3_FREQ,2.231076603455989
Above the Break 3_FREQ,18.48173057238393
Backcourt_FREQ,0.7244838384374502
HEIGHT_IN,78.0
WEIGHT_LBS,212.0
THREE_PA_RATE,0.2116793893129771
FTA_RATE,0.38209923664122136
