PLAYER_ID,PLAYER_NAME,NICKNAME,TEAM_ID,TEAM_ABBREVIATION,AGE,GP,W,L,W_PCT,MIN,FGM,FGA,FG_PCT,FG3M,FG3A,FG3_PCT,FTM,FTA,FT_PCT,OREB,DREB,REB,AST,TOV,STL,BLK,BLKA,PF,PFD,PTS,PLUS_MINUS,NBA_FANTASY_PTS,DD2,TD3,WNBA_FANTASY_PTS,FP_HIGH_SCORE,GP_RANK,W_RANK,L_RANK,W_PCT_RANK,MIN_RANK,FGM_RANK,FGA_RANK,FG_PCT_RANK,FG3M_RANK,FG3A_RANK,FG3_PCT_RANK,FTM_RANK,FTA_RANK,FT_PCT_RANK,OREB_RANK,DREB_RANK,REB_RANK,AST_RANK,TOV_RANK,STL_RANK,BLK_RANK,BLKA_RANK,PF_RANK,PFD_RANK,PTS_RANK,PLUS_MINUS_RANK,NBA_FANTASY_PTS_RANK,DD2_RANK,TD3_RANK,WNBA_FANTASY_PTS_RANK,FP_HIGH_SCORE_RANK,TEAM_COUNT,TS_PCT,EFG_PCT,THREE_PA_RATE,FTA_RATE,OFF_RATING,DEF_RATING,NET_RATING,AST_PCT,AST_TO,REB_PCT,E_TOV_PCT,USG_PCT,PIE,Restricted Area_FREQ,In The Paint (Non-RA)_FREQ,Mid-Range_FREQ,Corner 3_FREQ,Above the Break 3_FREQ,Backcourt_FREQ,HEIGHT_IN,WEIGHT_LBS,PACE
203932,Aaron Gordon,Aaron,1610612743,DEN,30.0,36,27,9,0.75,27.9,5.5,11.1,0.497,1.7,4.4,0.389,3.5,4.5,0.767,1.4,4.4,5.8,2.7,1.1,0.6,0.3,0.4,1.7,3.4,16.2,7.6,28.7,4,0,28.1,29.9,384,225,455,46,129,101,119,168,128,151,123,54,52,309,115,82,82,162,246,325,295,254,274,66,88,12,113,114,38,111,124,1,0.6192660550458715,0.5720720720720721,0.3963963963963964,0.4054054054054054,124.7,112.0,12.7,0.13,2.53,0.102,6.3,0.213,0.117,32.432432432432435,15.315315315315312,12.612612612612612,11.711711711711713,27.92792792792793,0.0,80,235,99.99
1641708,Amen Thompson,Amen,1610612745,HOU,23.0,79,49,30,0.62,37.4,7.1,13.2,0.534,0.3,1.5,0.216,3.8,4.9,0.779,3.0,4.8,7.8,5.3,2.4,1.5,0.6,0.9,2.2,3.7,18.3,4.7,39.5,20,0,35.9,43.0,25,37,172,160,2,46,71,99,438,407,483,45,44,281,23,65,35,45,52,24,126,44,140,48,60,49,35,21,38,41,33,1,0.5958582964313623,0.5492424242424243,0.1136363636363636,0.3712121212121212,117.0,110.4,6.6,0.202,2.21,0.101,10.4,0.195,0.128,48.48484848484848,29.54545454545454,10.606060606060606,6.8181818181818175,4.545454545454545,0.0,79,200,98.4
203952,Andrew Wiggins,Andrew,1610612748,MIA,31.0,68,35,33,0.515,30.3,5.7,12.1,0.475,2.0,4.9,0.414,1.9,2.4,0.784,1.7,3.1,4.8,2.7,1.5,1.1,1.0,0.6,2.3,1.9,15.4,0.1,30.1,2,0,29.2,32.0,135,162,135,290,82,87,92,229,81,116,63,148,157,270,83,182,148,161,148,87,40,124,122,180,93,241,99,159,38,97,103,1,0.5852842809364549,0.5537190082644629,0.4049586776859504,0.1983471074380165,113.7,113.9,-0.1,0.123,1.77,0.074,8.7,0.194,0.092,27.27272727272728,19.834710743801654,12.396694214876035,9.917355371900827,30.578512396694222,0.0,78,210,104.97
1629014,Anfernee Simons,Anfernee,1610612741,CHI,27.0,55,31,24,0.564,24.9,5.2,11.8,0.44,2.7,6.9,0.385,1.3,1.4,0.896,0.6,1.9,2.5,2.4,1.2,0.5,0.1,0.5,1.7,1.1,14.3,1.8,21.5,0,0,23.1,23.5,258,188,258,227,191,121,98,349,36,34,137,237,282,59,354,351,375,193,214,392,422,176,278,317,109,134,208,284,38,165,197,2,0.5758698453608248,0.5550847457627119,0.5847457627118644,0.1186440677966101,116.9,114.0,3.0,0.151,1.97,0.047,7.7,0.227,0.096,9.243697478991598,16.806722689075627,15.966386554621849,5.88235294117647,52.10084033613446,0.0,75,200,97.42
1630162,Anthony Edwards,Anthony,1610612750,MIN,24.0,61,37,24,0.607,35.0,9.9,20.2,0.489,3.4,8.4,0.399,5.7,7.2,0.796,0.6,4.4,5.0,3.7,2.9,1.4,0.8,0.5,1.9,4.5,28.8,2.7,43.9,2,0,45.1,47.7,210,136,258,170,10,7,4,187,6,11,99,17,14,237,343,85,141,90,26,44,74,198,226,29,3,100,15,159,38,10,18,1,0.6162273194111606,0.5742574257425742,0.4158415841584159,0.3564356435643565,117.8,114.3,3.5,0.174,1.3,0.069,9.5,0.309,0.145,22.16748768472906,16.748768472906402,19.21182266009852,4.433497536945813,37.4384236453202,0.0,76,225,101.5
1630559,Austin Reaves,Austin,1610612747,LAL,28.0,51,36,15,0.706,34.5,7.3,14.9,0.49,2.3,6.4,0.36,6.3,7.3,0.871,0.6,4.1,4.7,5.5,3.0,1.1,0.4,0.7,2.2,5.4,23.3,3.6,38.7,6,0,38.8,43.4,291,151,382,82,16,38,47,185,62,51,223,10,13,97,328,103,155,38,21,96,212,78,157,14,24,70,37,84,38,31,31,1,0.6432199646643109,0.5671140939597314,0.4295302013422818,0.4899328859060402,117.3,112.3,5.0,0.237,1.85,0.071,11.1,0.258,0.137,23.48993288590604,27.516778523489933,6.04026845637584,6.04026845637584,36.91275167785235,0.0,77,197,100.41
1628389,Bam Adebayo,Bam,1610612748,MIA,28.0,73,37,36,0.507,32.4,6.9,15.7,0.442,1.7,5.5,0.318,4.5,5.8,0.778,2.0,8.0,10.0,3.2,1.6,1.2,0.7,0.5,1.7,4.6,20.1,4.5,40.8,35,0,38.8,42.0,78,136,102,301,45,52,37,343,124,86,369,36,30,284,60,7,15,129,130,75,109,177,292,26,43,51,25,8,38,32,38,1,0.5506245890861277,0.4936305732484076,0.3503184713375796,0.3694267515923567,117.1,111.0,6.1,0.142,1.93,0.146,7.1,0.248,0.138,24.840764331210185,28.6624203821656,11.46496815286624,11.46496815286624,23.56687898089172,0.0,81,260,103.89
203078,Bradley Beal,Bradley,1610612746,LAC,33.0,6,2,4,0.333,20.2,3.0,8.0,0.375,1.2,3.2,0.368,1.0,1.3,0.75,0.3,0.5,0.8,1.7,1.5,0.5,0.0,0.2,2.3,1.8,8.2,-3.8,11.7,0,0,12.8,13.8,527,526,509,419,289,280,206,513,224,236,192,286,290,333,467,550,542,278,150,373,524,445,108,183,277,487,403,284,38,375,381,1,0.4783014465702286,0.45,0.4,0.1625,119.1,128.5,-9.3,0.106,1.11,0.022,12.8,0.224,0.018,18.75,25.0,16.25,8.75,31.25,0.0,76,207,97.65
1627742,Brandon Ingram,Brandon,1610612761,TOR,28.0,77,43,34,0.558,33.8,8.0,16.7,0.477,1.8,4.6,0.382,3.8,4.6,0.82,0.8,4.8,5.6,3.7,2.4,0.8,0.7,0.9,1.9,3.6,21.5,0.6,35.7,2,0,35.5,38.9,37,75,125,234,22,25,26,221,120,133,150,47,49,199,256,67,95,91,50,233,97,41,229,53,30,211,49,159,38,43,51,1,0.5741294595171972,0.532934131736527,0.2754491017964072,0.2754491017964072,114.6,113.7,1.0,0.169,1.52,0.083,9.8,0.264,0.121,17.365269461077844,22.75449101796407,32.33532934131737,7.18562874251497,20.35928143712575,0.0,80,190,98.87
1641706,Brandon Miller,Brandon,1610612766,CHA,23.0,65,41,24,0.631,30.3,7.0,16.1,0.435,3.1,8.2,0.383,3.1,3.4,0.892,1.1,3.8,4.9,3.3,2.5,1.0,0.7,0.5,2.8,2.7,20.2,5.7,33.6,3,0,34.9,36.8,166,97,258,148,84,50,32,366,13,13,149,69,81,67,176,126,144,112,42,118,107,197,42,95,42,34,67,128,38,45,65,1,0.5739940895658104,0.531055900621118,0.5093167701863354,0.2111801242236024,119.8,111.3,8.5,0.173,1.33,0.078,10.7,0.272,0.113,14.906832298136644,23.602484472049685,10.559006211180124,6.832298136645963,44.09937888198757,0.0,79,200,98.44
1627741,Buddy Hield,Buddy,1610612737,ATL,33.0,51,25,26,0.49,16.1,2.8,6.4,0.437,1.5,4.2,0.349,0.6,0.7,0.811,0.5,1.7,2.3,1.4,0.9,0.8,0.2,0.2,1.1,0.3,7.6,-1.7,14.3,0,0,14.6,15.5,291,243,232,332,370,300,284,359,170,166,260,411,430,213,370,387,397,331,285,225,389,402,440,520,297,388,355,284,38,338,349,2,0.5664877757901013,0.5546874999999999,0.65625,0.1093749999999999,110.2,115.0,-4.9,0.129,1.48,0.069,10.4,0.192,0.085,21.21212121212121,6.060606060606061,7.575757575757576,16.666666666666668,48.48484848484849,0.0,76,220,103.88
203468,CJ McCollum,CJ,1610612737,ATL,34.0,76,37,39,0.487,29.8,6.9,15.2,0.455,2.5,6.7,0.375,2.4,3.1,0.772,0.8,2.5,3.3,3.9,1.8,0.8,0.5,0.6,1.9,2.2,18.7,1.2,30.6,0,0,31.0,33.7,54,136,76,335,94,53,45,298,47,42,170,101,100,298,260,264,270,80,103,197,175,133,234,138,55,171,93,284,38,77,85,2,0.5644771794252595,0.5361842105263158,0.4407894736842105,0.2039473684210526,113.6,112.0,1.5,0.194,2.17,0.051,8.0,0.247,0.105,17.647058823529413,20.26143790849673,18.30065359477124,6.535947712418301,37.25490196078432,0.0,75,190,103.12
1630595,Cade Cunningham,Cade,1610612765,DET,24.0,64,47,17,0.734,33.9,8.6,18.6,0.461,2.0,5.7,0.342,4.8,6.0,0.812,0.9,4.7,5.5,9.9,3.7,1.4,0.8,1.1,3.1,4.6,23.9,8.1,48.6,38,3,45.9,56.1,180,44,359,60,21,18,13,274,94,78,283,27,26,211,235,71,99,2,4,32,65,18,27,23,21,9,7,6,8,7,3,1,0.5626177024482109,0.5161290322580645,0.3064516129032258,0.3225806451612903,120.4,109.0,11.4,0.43,2.69,0.079,10.6,0.296,0.159,26.344086021505376,27.956989247311824,15.053763440860212,1.6129032258064515,29.03225806451613,0.0,78,220,100.94
1630560,Cam Thomas,Cam,1610612749,MIL,24.0,42,12,30,0.286,21.0,4.5,11.0,0.41,1.2,4.0,0.31,3.3,4.0,0.811,0.3,1.4,1.7,2.6,1.8,0.2,0.1,0.7,1.0,3.5,13.5,-5.1,18.6,0,0,19.6,21.3,348,395,172,454,267,152,120,451,209,178,386,62,64,214,498,420,462,178,108,515,472,96,459,56,132,528,266,284,38,222,239,2,0.5289968652037618,0.4636363636363636,0.3636363636363636,0.3636363636363636,111.7,123.8,-12.1,0.208,1.46,0.041,10.3,0.295,0.089,16.363636363636363,23.63636363636364,23.63636363636364,5.454545454545454,30.909090909090907,0.0,75,210,96.65
1631096,Chet Holmgren,Chet,1610612760,OKC,24.0,69,56,13,0.812,28.9,6.3,11.3,0.557,1.3,3.5,0.362,3.3,4.1,0.792,1.9,7.0,8.9,1.7,1.6,0.6,1.9,0.8,2.3,3.8,17.1,9.8,36.3,24,0,34.0,36.9,118,7,409,19,112,68,112,80,201,206,213,63,57,247,74,18,21,278,140,304,4,65,124,46,71,5,46,16,38,50,64,1,0.6524725274725275,0.6150442477876106,0.3097345132743362,0.3628318584070796,118.4,102.3,16.1,0.082,1.07,0.149,9.5,0.214,0.154,39.82300884955752,20.353982300884955,8.849557522123893,6.194690265486725,24.7787610619469,0.0,85,208,101.09
1629012,Collin Sexton,Collin,1610612741,CHI,27.0,68,25,43,0.368,23.7,5.3,10.9,0.485,1.6,4.1,0.401,3.2,3.8,0.855,0.6,1.7,2.3,3.3,2.1,1.1,0.1,0.9,2.1,3.4,15.4,-1.7,24.8,1,0,25.2,28.1,135,243,51,402,213,111,121,195,137,171,91,65,71,123,339,393,394,120,74,87,419,45,167,62,92,390,155,201,38,136,139,2,0.6124721603563474,0.5596330275229358,0.3761467889908256,0.3486238532110091,110.5,113.6,-3.0,0.217,1.58,0.045,11.6,0.248,0.113,33.02752293577982,20.18348623853211,9.174311926605505,7.339449541284404,30.27522935779816,0.0,75,190,103.17
1629636,Darius Garland,Darius,1610612746,LAC,26.0,45,26,19,0.578,29.9,6.9,14.9,0.46,2.7,6.8,0.396,2.3,2.7,0.861,0.4,2.0,2.4,6.7,2.9,1.0,0.2,0.6,1.9,2.6,18.8,1.9,32.2,7,0,32.8,37.9,331,231,333,205,92,55,48,276,31,37,103,107,127,112,431,342,381,19,24,140,387,120,240,113,54,131,78,72,38,66,56,2,0.5842864246643461,0.5536912751677853,0.4563758389261744,0.1812080536912751,117.9,115.2,2.6,0.322,2.32,0.039,11.2,0.266,0.112,19.463087248322147,24.16107382550336,10.738255033557047,5.369127516778524,40.26845637583892,0.0,73,192,101.84
1628368,De'Aaron Fox,De'Aaron,1610612759,SAS,28.0,72,55,17,0.764,31.0,7.1,14.5,0.486,1.8,5.5,0.332,2.6,3.4,0.76,0.6,3.2,3.8,6.2,2.3,1.2,0.3,0.8,2.3,2.6,18.6,6.3,34.5,8,0,33.3,39.2,84,12,359,39,70,45,51,194,114,85,328,89,82,321,346,181,224,25,63,62,305,67,131,101,57,27,55,66,38,59,47,1,0.5813953488372093,0.5517241379310345,0.3793103448275862,0.2344827586206896,118.8,108.9,9.9,0.286,2.71,0.056,9.3,0.242,0.117,22.75862068965517,26.20689655172413,13.103448275862068,8.275862068965518,29.655172413793103,0.0,75,185,103.67
201942,DeMar DeRozan,DeMar,1610612758,SAC,36.0,77,20,57,0.26,31.2,6.5,13.1,0.497,0.6,1.9,0.32,4.9,5.6,0.868,0.5,2.5,2.9,4.1,1.2,1.0,0.3,0.5,1.9,4.0,18.4,-7.6,30.9,2,0,28.8,33.6,37,302,5,481,64,63,75,169,364,360,361,26,34,101,406,268,314,72,210,110,281,191,225,41,59,565,87,159,38,102,86,1,0.5911076843998971,0.5190839694656488,0.1450381679389313,0.4274809160305343,110.6,122.3,-11.7,0.196,3.29,0.047,6.0,0.222,0.111,11.53846153846154,25.38461538461539,48.46153846153847,5.384615384615385,9.230769230769232,0.0,78,220,101.26
1627749,Dejounte Murray,Dejounte,1610612740,NOP,29.0,14,5,9,0.357,27.8,6.3,13.0,0.484,1.4,4.4,0.306,2.8,3.2,0.867,0.3,5.1,5.4,6.4,3.4,1.6,0.2,0.4,2.4,2.2,16.7,1.4,34.9,1,0,33.5,40.4,472,474,455,406,132,70,78,202,186,143,394,79,95,103,488,50,111,24,10,14,348,277,104,140,77,157,53,201,38,56,45,1,0.5795391449194892,0.5384615384615384,0.3384615384615385,0.2461538461538461,116.2,114.9,1.3,0.336,1.89,0.101,13.9,0.267,0.138,26.15384615384616,27.692307692307693,12.307692307692308,5.384615384615384,28.46153846153846,0.0,76,188,100.83
1630166,Deni Avdija,Deni,1610612757,POR,25.0,66,35,31,0.53,33.3,7.5,16.1,0.462,1.9,6.0,0.318,7.4,9.2,0.802,1.1,5.8,6.9,6.7,3.8,0.8,0.6,1.2,2.5,6.6,24.2,0.2,42.9,19,3,42.5,48.7,157,162,160,275,30,32,30,269,106,66,367,4,3,227,164,30,56,18,2,220,122,10,70,5,18,234,18,25,8,17,12,1,0.6005558864403414,0.5248447204968943,0.3726708074534161,0.5714285714285713,115.7,115.4,0.3,0.316,1.75,0.098,12.5,0.285,0.149,36.41975308641976,22.222222222222225,4.938271604938272,4.320987654320987,32.098765432098766,0.0,80,228,102.78
1630217,Desmond Bane,Desmond,1610612753,ORL,28.0,82,45,37,0.549,33.6,7.1,14.7,0.484,2.0,5.2,0.391,3.8,4.2,0.908,1.2,2.9,4.1,4.1,2.0,1.0,0.5,1.0,3.1,2.8,20.1,1.6,33.7,1,0,33.4,37.0,1,60,93,251,24,44,50,201,80,101,118,46,56,48,152,210,188,69,81,107,182,24,25,86,44,146,64,201,38,58,63,1,0.607324147933285,0.5510204081632654,0.3537414965986394,0.2857142857142857,113.6,111.5,2.2,0.19,2.06,0.059,8.8,0.224,0.111,30.136986301369863,21.917808219178085,12.328767123287673,7.534246575342467,28.082191780821912,0.0,78,215,102.2
1626164,Devin Booker,Devin,1610612756,PHX,29.0,64,37,27,0.578,33.5,8.5,18.7,0.456,1.9,5.8,0.33,7.1,8.1,0.873,0.8,3.1,3.9,6.0,3.1,0.8,0.3,1.0,2.6,6.7,26.1,3.1,39.9,6,0,40.0,45.2,180,136,220,203,25,20,10,290,100,74,335,5,7,96,286,184,214,29,17,213,291,32,57,3,13,81,32,84,38,25,26,1,0.5861480416816386,0.5053475935828877,0.3101604278074866,0.4331550802139037,115.9,112.0,3.9,0.293,1.92,0.055,10.0,0.307,0.142,16.0427807486631,25.66844919786097,27.27272727272727,2.6737967914438503,28.34224598930481,0.0,77,206,100.72
1630170,Devin Vassell,Devin,1610612759,SAS,25.0,67,52,15,0.776,30.5,4.9,11.3,0.437,2.5,6.4,0.384,1.6,1.9,0.815,0.6,3.4,4.0,2.5,0.9,0.9,0.4,0.3,1.6,1.4,13.9,7.3,25.2,1,0,25.3,26.6,147,24,382,32,76,130,113,360,50,50,142,190,203,206,347,154,198,187,299,191,229,350,317,258,119,14,149,201,38,134,153,1,0.5726763348714567,0.5442477876106194,0.5663716814159292,0.1681415929203539,121.3,109.9,11.4,0.107,2.78,0.063,5.8,0.176,0.087,9.734513274336283,11.50442477876106,21.238938053097343,17.699115044247787,39.82300884955752,0.0,77,200,101.48
1628378,Donovan Mitchell,Donovan,1610612739,CLE,29.0,70,45,25,0.643,33.5,9.7,20.0,0.483,3.2,8.8,0.364,5.3,6.1,0.865,0.7,3.8,4.5,5.7,2.8,1.5,0.3,0.7,2.3,4.6,27.9,5.3,44.3,5,0,44.8,49.1,105,60,246,136,28,9,5,203,10,8,203,21,22,106,310,129,166,33,27,29,287,95,111,27,7,39,12,96,38,12,10,1,0.6149709046023628,0.565,0.44,0.305,119.3,112.1,7.2,0.266,2.01,0.065,9.0,0.311,0.152,22.000000000000004,22.000000000000004,12.0,5.500000000000001,38.5,0.0,74,215,103.13
1630532,Franz Wagner,Franz,1610612753,ORL,24.0,34,20,14,0.588,30.0,7.2,14.9,0.481,1.4,4.1,0.345,4.8,5.8,0.823,1.3,3.9,5.2,3.3,1.7,0.9,0.3,1.0,2.1,4.5,20.6,2.4,33.9,0,0,33.0,36.2,394,302,397,191,90,41,49,207,178,173,274,28,29,193,136,115,123,116,122,145,259,22,167,28,37,113,60,284,38,63,72,1,0.5901902360760944,0.5302013422818792,0.2751677852348993,0.3892617449664429,114.2,110.6,3.6,0.175,1.95,0.084,7.6,0.256,0.134,34.666666666666664,29.33333333333333,8.666666666666666,4.666666666666665,22.666666666666664,0.0,82,230,104.86
203084,Harrison Barnes,Harrison,1610612759,SAS,34.0,77,57,20,0.74,25.8,3.4,7.5,0.456,1.8,4.6,0.388,1.3,1.6,0.829,0.8,2.0,2.8,1.9,0.8,0.6,0.2,0.3,1.1,1.3,9.9,4.3,17.8,0,0,18.0,19.0,37,6,322,58,175,233,230,291,115,130,125,221,248,172,266,344,331,248,344,289,413,347,444,262,217,55,283,284,38,262,285,1,0.6033642125792297,0.5733333333333334,0.6133333333333333,0.2133333333333333,118.4,110.6,7.8,0.097,2.43,0.051,7.3,0.144,0.075,18.91891891891892,14.864864864864863,4.0540540540540535,33.78378378378378,28.37837837837838,0.0,79,225,101.69
1629630,Ja Morant,Ja,1610612763,MEM,26.0,20,7,13,0.35,28.4,6.6,16.1,0.41,1.0,4.3,0.235,5.3,5.9,0.897,0.4,2.9,3.3,8.1,3.6,1.0,0.3,0.9,2.0,4.2,19.5,-2.5,35.8,8,0,34.4,42.7,449,452,409,409,120,59,31,452,268,155,474,23,28,58,431,222,277,5,7,121,277,40,203,36,50,423,48,66,38,48,35,1,0.5215019255455712,0.4409937888198757,0.2670807453416148,0.3664596273291925,109.5,113.9,-4.4,0.447,2.27,0.053,11.7,0.305,0.128,25.92592592592593,35.80246913580247,11.728395061728394,3.7037037037037033,22.839506172839503,0.0,74,174,106.6
1630183,Jaden McDaniels,Jaden,1610612750,MIN,25.0,73,44,29,0.603,31.7,5.7,11.1,0.515,1.4,3.4,0.412,2.0,2.4,0.835,1.0,3.2,4.2,2.7,1.8,1.1,1.0,0.6,3.3,2.1,14.8,1.6,28.6,0,0,27.5,30.9,78,67,189,173,55,89,117,124,179,216,67,133,153,158,184,179,180,158,101,90,42,139,13,147,103,147,115,284,38,115,113,1,0.608752879236591,0.5765765765765766,0.3063063063063063,0.2162162162162162,115.5,112.4,3.1,0.121,1.52,0.065,10.8,0.182,0.088,27.92792792792793,27.92792792792793,13.513513513513514,11.711711711711713,18.91891891891892,0.0,81,185,102.0
1628973,Jalen Brunson,Jalen,1610612752,NYK,29.0,74,50,24,0.676,35.0,9.3,19.9,0.467,2.6,7.1,0.369,4.8,5.7,0.841,0.4,2.9,3.3,6.8,2.4,0.8,0.1,0.7,2.3,5.1,26.0,4.8,40.5,12,0,40.6,45.6,70,32,258,101,11,10,6,258,39,26,189,29,31,147,421,212,263,16,54,221,457,94,118,17,14,45,27,47,38,21,23,1,0.5801499464476974,0.5326633165829147,0.3567839195979899,0.2864321608040201,120.2,114.1,6.1,0.307,2.87,0.047,7.5,0.296,0.135,14.141414141414144,28.7878787878788,21.21212121212121,6.060606060606061,29.797979797979806,0.0,74,190,98.25
1630224,Jalen Green,Jalen,1610612756,PHX,24.0,32,17,15,0.531,25.9,6.8,16.0,0.422,2.2,7.1,0.313,2.0,2.7,0.747,0.5,3.1,3.6,2.8,2.3,1.1,0.3,1.1,1.3,2.6,17.8,1.0,28.1,0,0,29.1,31.0,400,334,382,273,171,57,34,413,68,29,381,132,125,349,379,184,234,149,64,105,316,15,392,114,64,181,118,284,38,98,110,1,0.5178031184547359,0.49375,0.44375,0.16875,114.2,113.5,0.7,0.181,1.26,0.067,10.1,0.309,0.106,26.250000000000007,11.875,17.5,9.375000000000002,35.0,0.0,76,186,99.56
1630552,Jalen Johnson,Jalen,1610612737,ATL,24.0,72,42,30,0.583,35.2,8.3,17.1,0.489,1.7,4.7,0.352,4.2,5.3,0.788,1.4,8.9,10.3,7.9,3.4,1.2,0.4,1.2,2.1,3.7,22.5,2.6,48.3,49,13,45.7,53.5,84,87,172,195,8,22,24,189,134,122,249,38,37,256,119,4,14,8,9,62,188,9,174,51,25,106,8,3,2,8,7,1,0.5789419514203376,0.5350877192982456,0.2748538011695906,0.3099415204678362,115.5,112.3,3.2,0.325,2.32,0.14,11.1,0.264,0.161,30.994152046783626,29.239766081871345,11.695906432748536,2.3391812865497075,25.730994152046783,0.0,80,219,103.58
1631114,Jalen Williams,Jalen,1610612760,OKC,25.0,33,25,8,0.758,28.4,6.5,13.5,0.484,0.7,2.3,0.299,3.3,3.9,0.837,0.8,3.8,4.6,5.5,1.9,1.2,0.3,0.7,2.0,3.1,17.1,6.9,33.3,1,0,30.8,37.0,398,243,468,42,124,62,65,198,339,318,409,60,69,155,256,128,159,39,87,72,299,96,216,72,73,19,69,201,38,82,62,1,0.5619085173501578,0.5074074074074074,0.1703703703703703,0.2888888888888888,118.1,106.4,11.7,0.274,2.87,0.079,8.4,0.252,0.135,35.55555555555556,30.37037037037037,17.037037037037038,2.9629629629629632,14.074074074074073,0.0,77,211,102.62
1627750,Jamal Murray,Jamal,1610612743,DEN,29.0,75,48,27,0.64,35.4,8.8,18.1,0.483,3.3,7.5,0.435,4.6,5.2,0.887,0.4,4.0,4.4,7.1,2.3,0.9,0.4,0.8,1.7,4.0,25.4,5.8,42.9,18,0,42.7,47.9,60,41,220,139,7,15,16,204,7,21,38,32,40,77,416,112,170,15,62,178,218,63,267,39,16,33,17,27,38,15,16,1,0.6229154404551697,0.5773480662983426,0.4143646408839778,0.287292817679558,124.4,117.7,6.8,0.298,3.13,0.063,7.6,0.269,0.142,17.127071823204417,22.099447513812155,19.337016574585636,4.972375690607735,36.46408839779005,0.0,76,215,99.84
1627759,Jaylen Brown,Jaylen,1610612738,BOS,29.0,71,47,24,0.662,34.4,10.4,21.7,0.477,2.0,5.7,0.347,6.0,7.5,0.795,1.1,5.8,6.9,5.1,3.6,1.0,0.4,1.3,2.7,6.3,28.7,4.5,45.2,14,3,45.5,50.1,98,44,258,118,18,3,2,220,90,79,269,13,9,240,160,29,53,50,5,119,225,4,48,6,4,52,10,38,8,9,9,1,0.574,0.5253456221198157,0.2626728110599078,0.3456221198156682,119.5,113.0,6.5,0.251,1.41,0.095,10.8,0.351,0.152,22.47706422018349,27.522935779816518,23.853211009174316,3.211009174311926,22.93577981651376,0.0,78,223,97.73
1628369,Jayson Tatum,Jayson,1610612738,BOS,28.0,16,13,3,0.813,32.6,7.4,17.9,0.411,2.9,8.9,0.329,4.1,4.9,0.823,0.5,9.5,10.0,5.3,2.4,1.4,0.2,0.5,1.6,3.4,21.8,7.4,44.0,10,1,43.1,47.1,461,384,530,18,43,35,17,450,19,6,338,41,42,194,379,2,16,46,48,43,373,178,303,63,27,13,14,56,23,14,19,1,0.5434782608695653,0.494413407821229,0.4972067039106146,0.2737430167597766,120.7,110.2,10.5,0.246,2.18,0.148,8.7,0.29,0.159,21.666666666666668,15.555555555555555,12.777777777777777,4.444444444444445,45.55555555555555,0.0,80,210,98.1
203924,Jerami Grant,Jerami,1610612757,POR,32.0,57,27,30,0.474,29.7,5.8,12.8,0.453,2.4,6.1,0.389,4.6,5.6,0.814,1.0,2.5,3.5,2.1,2.1,0.7,0.6,1.0,2.5,3.9,18.6,-0.1,28.0,0,0,29.3,30.5,235,225,172,342,95,83,80,302,53,60,122,33,32,210,211,263,250,221,72,240,118,33,83,44,56,263,120,284,38,94,118,1,0.6092767295597484,0.546875,0.4765624999999999,0.4374999999999999,114.9,115.2,-0.3,0.107,1.03,0.055,10.7,0.228,0.094,32.03125,13.28125,7.031250000000002,19.531250000000004,28.125000000000007,0.0,79,213,104.02
202710,Jimmy Butler III,Jimmy,1610612744,GSW,36.0,38,23,15,0.605,31.1,6.3,12.2,0.519,0.8,2.2,0.376,6.5,7.6,0.864,2.3,3.2,5.6,4.9,1.6,1.4,0.2,0.8,1.2,5.5,20.0,4.9,37.4,3,0,34.6,40.3,370,268,382,171,66,66,90,116,304,325,164,7,8,108,47,176,98,54,138,31,351,62,418,11,47,43,44,128,38,47,46,1,0.6433350488934638,0.5491803278688525,0.180327868852459,0.6229508196721312,116.6,109.2,7.3,0.24,3.08,0.087,7.2,0.226,0.155,42.97520661157025,23.96694214876033,14.87603305785124,8.264462809917356,9.917355371900827,0.0,78,230,101.73
203903,Jordan Clarkson,Jordan,1610612752,NYK,34.0,72,45,27,0.625,17.8,3.3,7.3,0.451,1.0,3.0,0.327,1.1,1.3,0.83,0.9,0.9,1.8,1.3,0.9,0.4,0.1,0.4,1.7,1.1,8.6,1.5,13.5,0,0,13.8,14.7,84,60,220,153,332,244,234,312,279,260,341,275,297,170,241,501,449,342,307,426,444,274,279,313,255,152,369,284,38,353,363,1,0.546239837398374,0.5205479452054794,0.4109589041095891,0.1780821917808219,115.4,111.7,3.7,0.11,1.52,0.048,8.7,0.203,0.068,21.62162162162162,28.37837837837838,9.459459459459458,16.216216216216214,24.324324324324323,0.0,77,194,98.78
1629673,Jordan Poole,Jordan,1610612740,NOP,27.0,39,16,23,0.41,23.9,4.2,11.4,0.372,2.5,7.4,0.333,2.5,2.9,0.86,0.2,1.7,2.0,3.1,1.8,0.6,0.4,0.7,2.3,2.9,13.4,-3.7,21.5,0,0,22.8,24.4,368,348,275,379,207,171,109,519,51,22,302,94,111,113,515,388,425,133,107,339,220,96,127,84,134,479,209,284,38,172,182,1,0.5285579047017986,0.4780701754385965,0.6491228070175439,0.2543859649122806,109.4,117.3,-7.9,0.185,1.72,0.037,10.1,0.235,0.073,20.17543859649123,10.526315789473683,4.385964912280702,7.017543859649124,57.89473684210527,0.0,76,200,104.18
201950,Jrue Holiday,Jrue,1610612757,POR,36.0,53,28,25,0.528,29.4,6.0,13.4,0.451,2.6,6.8,0.378,1.7,2.0,0.838,1.3,3.3,4.6,6.1,2.8,1.0,0.1,0.7,1.5,1.7,16.3,3.7,31.6,9,0,31.9,36.5,276,216,246,279,102,77,68,310,40,39,160,176,200,154,126,170,161,28,30,115,453,81,351,196,85,66,83,63,38,70,68,1,0.5707282913165266,0.5447761194029851,0.5074626865671642,0.1492537313432835,114.6,108.6,6.1,0.302,2.21,0.074,11.9,0.227,0.124,17.910447761194025,22.388059701492534,8.955223880597012,8.208955223880595,42.537313432835816,0.0,76,220,103.5
203944,Julius Randle,Julius,1610612750,MIN,31.0,79,47,32,0.595,33.0,7.3,15.3,0.481,1.4,4.4,0.315,5.0,6.3,0.802,1.7,5.1,6.7,5.0,2.7,1.1,0.2,0.8,2.8,4.4,21.1,2.9,37.9,15,3,36.9,41.9,25,44,149,187,40,37,44,209,183,149,379,25,20,225,87,51,61,52,31,98,339,64,40,32,31,86,42,36,8,38,39,1,0.5837760070827801,0.5228758169934641,0.2875816993464052,0.4117647058823529,117.0,113.1,4.0,0.227,1.83,0.099,10.6,0.258,0.128,32.89473684210526,23.684210526315788,14.473684210526317,6.578947368421052,22.36842105263157,0.0,81,250,102.3
202695,Kawhi Leonard,Kawhi,1610612746,LAC,35.0,65,37,28,0.569,32.1,9.8,19.4,0.505,2.6,6.8,0.387,5.7,6.4,0.892,1.1,5.3,6.4,3.6,2.0,1.9,0.4,0.5,1.2,5.1,27.9,5.2,45.7,5,0,45.1,48.3,166,136,205,220,49,8,8,147,37,36,131,16,18,69,174,46,69,99,78,9,193,162,421,19,6,40,9,96,38,11,14,1,0.6279258192293843,0.5721649484536083,0.3505154639175258,0.3298969072164949,120.3,112.8,7.5,0.193,1.76,0.102,7.4,0.326,0.185,15.979381443298973,27.83505154639176,20.61855670103093,3.608247422680413,31.958762886597945,0.0,78,225,97.53
201142,Kevin Durant,Kevin,1610612745,HOU,37.0,78,48,30,0.615,36.4,9.2,17.6,0.52,2.4,5.8,0.413,5.2,6.0,0.874,0.5,4.9,5.5,4.8,3.2,0.8,0.9,0.5,1.8,4.8,26.0,4.4,41.6,7,0,42.0,46.1,28,41,172,163,3,11,18,112,54,76,64,24,25,93,373,58,105,57,15,215,59,161,257,21,15,54,21,72,38,19,21,1,0.642292490118577,0.5909090909090908,0.3295454545454545,0.3409090909090909,117.9,112.4,5.5,0.203,1.51,0.073,11.2,0.263,0.15,9.039548022598872,27.683615819209045,30.508474576271187,3.389830508474576,29.37853107344633,0.0,83,240,98.14
203114,Khris Middleton,Khris,1610612742,DAL,34.0,63,18,45,0.286,22.8,3.6,8.6,0.42,1.1,3.0,0.36,1.9,2.2,0.875,0.8,2.9,3.7,2.8,1.7,0.7,0.1,0.4,2.3,1.8,10.2,-5.3,19.4,2,0,19.3,21.8,194,325,36,454,225,218,185,417,254,263,221,145,173,87,264,220,229,152,119,287,423,244,126,191,208,533,246,159,38,229,228,2,0.5330267558528428,0.4825581395348838,0.3488372093023256,0.2558139534883721,110.0,121.1,-11.1,0.171,1.63,0.075,12.2,0.198,0.073,11.76470588235294,17.647058823529413,36.47058823529412,10.588235294117649,23.52941176470588,0.0,79,222,103.88
202691,Klay Thompson,Klay,1610612742,DAL,36.0,69,21,48,0.304,21.7,4.1,10.6,0.393,2.9,7.6,0.383,0.5,0.7,0.766,0.3,1.8,2.1,1.4,0.9,0.5,0.3,0.1,1.0,0.4,11.7,-1.9,17.8,0,0,19.7,19.0,118,292,25,444,253,182,130,494,20,19,146,428,435,311,499,368,413,332,295,396,263,473,461,503,169,401,280,284,38,221,284,1,0.5363036303630363,0.5235849056603774,0.7169811320754716,0.0660377358490566,106.3,111.0,-4.7,0.096,1.52,0.043,6.9,0.214,0.077,6.6037735849056585,5.660377358490565,15.09433962264151,16.9811320754717,55.66037735849056,0.0,77,200,106.06
1630163,LaMelo Ball,LaMelo,1610612766,CHA,24.0,72,41,31,0.569,28.0,7.0,17.3,0.407,3.8,10.3,0.368,2.2,2.5,0.899,0.9,3.9,4.8,7.1,2.8,1.2,0.3,0.7,2.7,3.0,20.1,5.8,38.1,10,1,38.7,43.5,84,97,160,218,128,48,21,460,3,3,196,112,142,56,222,117,149,14,29,64,316,73,47,75,45,32,41,56,23,33,30,1,0.546195652173913,0.5144508670520231,0.5953757225433526,0.1445086705202312,123.2,114.1,9.1,0.384,2.54,0.084,9.9,0.306,0.134,14.45086705202312,20.231213872832367,6.358381502890173,7.514450867052023,51.44508670520232,0.0,79,180,99.43
1628374,Lauri Markkanen,Lauri,1610612762,UTA,29.0,42,17,25,0.405,34.3,9.1,19.2,0.477,2.7,7.7,0.355,5.7,6.4,0.896,2.0,4.9,6.9,2.1,1.5,1.0,0.5,1.1,1.8,5.5,26.7,-1.3,41.2,5,0,41.5,42.4,348,334,246,383,19,12,9,219,27,18,239,15,19,61,63,59,55,223,150,121,156,17,252,12,11,352,24,96,38,20,36,1,0.6063771802325582,0.5442708333333334,0.4010416666666667,0.3333333333333333,113.6,115.2,-1.5,0.101,1.41,0.094,5.9,0.269,0.139,28.125000000000007,22.395833333333336,9.375,8.854166666666668,31.25,0.0,85,240,104.48
2544,LeBron James,LeBron,1610612747,LAL,41.0,60,39,21,0.65,33.2,7.9,15.3,0.515,1.3,4.1,0.317,3.9,5.3,0.737,0.7,5.4,6.1,7.2,3.0,1.2,0.6,0.8,1.4,3.7,20.9,2.0,41.4,17,3,39.1,46.8,214,118,305,129,38,26,43,127,200,177,371,44,38,364,309,41,76,12,20,65,130,67,381,49,34,123,23,30,8,30,20,1,0.5926724137931033,0.5588235294117647,0.2679738562091503,0.3464052287581699,115.0,112.4,2.6,0.338,2.41,0.093,10.7,0.262,0.154,37.25490196078432,19.607843137254903,16.99346405228758,5.228758169934641,20.91503267973856,0.0,81,250,100.29
1629029,Luka Dončić,Luka,1610612747,LAL,27.0,64,43,21,0.672,35.8,10.8,22.8,0.476,4.0,10.8,0.366,7.9,10.1,0.78,0.6,7.1,7.7,8.3,4.0,1.6,0.5,0.4,2.4,7.3,33.5,2.9,57.7,34,8,57.8,64.3,180,75,305,103,5,1,1,225,2,2,201,2,1,280,330,14,36,4,1,15,143,218,96,2,1,88,2,9,4,1,2,1,0.6148142710321539,0.5614035087719298,0.4736842105263158,0.4429824561403508,119.4,115.6,3.8,0.387,2.08,0.11,10.1,0.368,0.188,11.01321585903084,25.110132158590314,16.299559471365644,3.083700440528635,44.49339207048459,0.0,80,230,100.73
1629008,Michael Porter Jr.,Michael,1610612751,BKN,28.0,52,14,38,0.269,32.5,8.5,18.4,0.463,3.4,9.3,0.363,3.8,4.4,0.859,1.3,5.7,7.1,3.0,2.3,1.1,0.3,0.7,2.2,3.5,24.2,-3.9,38.8,12,0,40.3,41.3,286,374,81,473,44,19,14,266,4,5,207,48,53,114,131,32,49,134,57,106,316,75,136,59,19,492,36,47,38,23,41,1,0.5950039339103069,0.5543478260869565,0.5054347826086957,0.2391304347826087,113.0,119.6,-6.6,0.165,1.3,0.11,9.1,0.292,0.141,23.24324324324324,11.351351351351353,15.135135135135132,7.027027027027027,43.24324324324324,0.0,82,218,97.97
1628969,Mikal Bridges,Mikal,1610612752,NYK,29.0,82,53,29,0.646,32.8,5.8,11.7,0.49,1.9,5.1,0.371,1.0,1.2,0.827,1.0,2.8,3.8,3.7,1.0,1.3,0.8,0.2,2.0,1.5,14.4,3.6,29.7,1,0,27.9,31.8,1,19,189,132,41,86,100,181,103,106,183,299,321,182,213,223,221,88,256,52,84,395,222,244,107,67,103,201,38,112,104,1,0.5888125613346419,0.576923076923077,0.4358974358974359,0.1025641025641025,118.0,112.0,6.0,0.158,3.66,0.057,6.0,0.17,0.099,22.88135593220339,16.94915254237288,16.101694915254235,21.1864406779661,22.88135593220339,0.0,78,209,98.88
1628970,Miles Bridges,Miles,1610612766,CHA,28.0,77,42,35,0.545,31.0,6.2,13.5,0.46,1.9,5.8,0.333,2.7,3.3,0.822,1.0,4.9,5.8,3.2,1.4,0.6,0.4,0.5,1.7,2.3,17.1,1.9,30.6,8,0,30.1,32.4,37,87,112,258,68,71,63,279,97,75,326,84,92,195,209,60,78,128,178,320,183,191,282,130,72,128,94,66,38,88,97,1,0.5718298555377208,0.5296296296296297,0.4296296296296296,0.2444444444444444,118.3,114.8,3.5,0.154,2.3,0.092,7.1,0.221,0.114,30.37037037037037,22.962962962962965,3.703703703703704,12.592592592592592,30.37037037037037,0.0,79,225,98.66
203999,Nikola Jokić,Nikola,1610612743,DEN,31.0,65,43,22,0.662,34.8,9.9,17.4,0.569,1.7,4.5,0.38,6.1,7.4,0.831,3.0,9.9,12.9,10.7,3.7,1.4,0.8,0.8,2.7,6.7,27.7,8.5,62.1,55,34,57.4,68.7,166,75,295,119,13,6,19,78,125,137,156,12,12,168,24,1,1,1,3,37,73,58,52,4,8,8,1,2,1,2,1,1,0.6705073586367157,0.6178160919540231,0.2586206896551724,0.4252873563218391,126.1,115.3,10.8,0.458,2.87,0.185,10.6,0.289,0.213,28.57142857142857,34.857142857142854,10.285714285714285,1.7142857142857144,24.57142857142857,0.0,83,284,102.59
1626181,Norman Powell,Norman,1610612748,MIA,33.0,58,29,29,0.5,29.6,7.3,15.4,0.47,2.7,7.1,0.38,4.5,5.5,0.827,0.4,3.1,3.5,2.5,1.9,1.1,0.2,0.9,2.2,3.9,21.7,0.7,31.7,1,0,33.1,34.2,230,203,189,303,99,39,41,245,33,30,155,35,36,180,446,186,248,190,86,94,326,43,147,45,28,203,81,201,38,61,82,1,0.6088664421997755,0.5616883116883117,0.461038961038961,0.3571428571428571,114.7,114.1,0.6,0.123,1.29,0.054,8.6,0.262,0.113,25.490196078431374,18.30065359477124,10.457516339869285,7.189542483660132,38.56209150326798,0.0,75,215,105.69
1628384,OG Anunoby,OG,1610612752,NYK,28.0,67,45,22,0.672,33.2,5.8,12.0,0.484,2.3,6.1,0.386,2.7,3.3,0.828,1.3,4.0,5.2,2.2,1.8,1.6,0.7,0.8,2.4,2.3,16.7,6.1,31.2,5,0,31.0,33.1,147,60,295,105,34,84,96,200,59,63,136,82,90,177,135,113,120,218,96,21,96,52,88,129,78,28,85,96,38,79,89,1,0.6207255426702348,0.5791666666666666,0.5083333333333333,0.2749999999999999,119.4,110.2,9.2,0.09,1.18,0.078,10.5,0.194,0.099,35.0,8.333333333333332,5.833333333333333,25.0,25.833333333333336,0.0,79,240,99.84
1631094,Paolo Banchero,Paolo,1610612753,ORL,23.0,72,38,34,0.528,34.7,7.3,16.0,0.459,1.2,3.8,0.305,6.3,8.2,0.775,1.2,7.2,8.4,5.2,3.1,0.7,0.6,1.2,2.0,5.5,22.2,0.0,40.8,26,3,39.5,44.8,84,128,125,281,15,36,34,280,224,184,396,9,6,296,153,12,30,48,18,258,134,8,203,13,26,255,26,15,8,26,27,1,0.56609547123623,0.4937499999999999,0.2375,0.5125,114.0,114.1,-0.2,0.235,1.68,0.119,11.1,0.274,0.138,36.25000000000001,23.75,16.250000000000004,4.375,19.375000000000004,0.0,82,250,100.96
1627783,Pascal Siakam,Pascal,1610612754,IND,32.0,62,17,45,0.274,33.2,9.0,18.6,0.484,1.7,4.7,0.358,4.2,6.1,0.693,1.4,5.2,6.6,3.8,2.2,1.1,0.4,0.8,2.4,5.1,24.0,-3.7,39.9,10,0,39.1,42.7,201,334,36,467,36,13,11,199,129,123,228,37,24,436,112,48,67,84,67,89,204,56,101,16,20,480,29,56,38,29,34,1,0.5638037962788949,0.5295698924731183,0.2526881720430107,0.3279569892473117,111.5,117.2,-5.6,0.19,1.71,0.095,8.1,0.292,0.13,28.64864864864865,29.18918918918919,16.756756756756758,4.324324324324325,21.08108108108108,0.0,80,245,102.95
202331,Paul George,Paul,1610612755,PHI,36.0,37,22,15,0.595,30.7,6.1,13.9,0.439,2.7,6.9,0.392,2.5,3.0,0.82,0.5,4.8,5.3,3.6,1.7,1.7,0.4,0.5,2.3,2.6,17.3,2.4,33.7,2,0,33.1,36.1,377,277,382,188,75,75,58,354,32,33,115,97,103,200,362,69,116,102,115,12,186,206,129,108,69,112,66,159,38,60,73,1,0.5683311432325887,0.5359712230215826,0.4964028776978417,0.2158273381294964,115.0,111.4,3.6,0.175,2.08,0.081,8.4,0.229,0.117,12.949640287769787,13.66906474820144,23.74100719424461,12.23021582733813,37.41007194244605,0.0,80,230,100.33
1629628,RJ Barrett,RJ,1610612761,TOR,26.0,57,34,23,0.596,30.3,7.0,14.3,0.491,1.7,5.0,0.339,3.5,4.9,0.717,1.0,4.3,5.3,3.3,1.7,0.7,0.3,1.2,2.6,3.5,19.3,2.9,32.0,0,0,31.7,34.4,235,168,275,184,85,47,54,178,133,115,289,53,45,396,211,90,119,117,114,240,245,7,67,57,52,85,79,284,38,74,81,1,0.5864122508507535,0.5489510489510488,0.3496503496503496,0.3426573426573426,118.4,113.5,4.9,0.157,1.91,0.088,8.1,0.254,0.112,34.96503496503497,27.97202797202797,2.797202797202797,9.090909090909092,25.174825174825173,0.0,78,214,100.88
1630567,Scottie Barnes,Scottie,1610612761,TOR,24.0,80,45,35,0.563,33.5,7.1,14.0,0.507,0.9,2.8,0.304,3.0,3.7,0.815,1.9,5.6,7.5,5.9,2.6,1.4,1.5,0.6,2.6,3.3,18.1,3.3,42.0,30,3,38.1,46.1,21,60,112,229,26,43,55,144,303,279,399,71,74,207,77,34,42,31,37,35,20,125,56,68,62,76,20,12,8,35,22,1,0.5790888149475301,0.5392857142857143,0.1999999999999999,0.2642857142857143,114.6,110.0,4.6,0.255,2.26,0.11,10.8,0.226,0.139,35.0,27.85714285714285,17.14285714285714,5.714285714285714,14.285714285714285,0.0,80,237,101.0
1628983,Shai Gilgeous-Alexander,Shai,1610612760,OKC,27.0,68,56,12,0.824,33.2,10.8,19.4,0.553,1.7,4.4,0.386,7.9,9.0,0.879,0.6,3.7,4.3,6.6,2.2,1.4,0.8,0.8,2.0,6.1,31.1,11.6,50.4,8,0,48.0,55.1,135,7,419,15,33,2,7,83,131,148,134,1,4,82,355,132,177,21,68,41,83,48,193,8,2,2,4,66,38,4,4,1,0.6656678082191781,0.6005154639175259,0.2268041237113402,0.4639175257731959,121.5,105.2,16.3,0.332,2.97,0.062,6.9,0.323,0.207,27.692307692307693,23.07692307692308,26.666666666666668,1.5384615384615383,21.025641025641026,0.0,78,195,101.84
201939,Stephen Curry,Stephen,1610612744,GSW,38.0,43,24,19,0.558,30.9,8.7,18.6,0.468,4.4,11.3,0.393,4.7,5.1,0.923,0.4,3.2,3.6,4.7,2.8,1.1,0.4,0.6,1.7,4.6,26.6,2.1,39.7,3,0,42.3,44.2,342,252,333,236,72,16,12,254,1,1,114,31,41,40,436,180,237,58,28,82,211,123,269,25,12,119,34,128,38,18,28,1,0.6380733064670888,0.586021505376344,0.6075268817204301,0.2741935483870967,117.6,114.8,2.8,0.245,1.68,0.057,9.9,0.308,0.146,15.053763440860212,12.36559139784946,11.827956989247312,4.301075268817204,56.4516129032258,0.0,74,200,103.66
1629027,Trae Young,Trae,1610612764,WAS,27.0,15,2,13,0.133,25.6,5.4,11.8,0.458,1.8,5.3,0.338,5.3,6.5,0.825,0.3,1.7,2.0,8.0,2.6,0.9,0.1,0.1,2.2,5.5,17.9,-4.4,32.7,3,0,31.7,38.9,465,526,409,557,181,106,97,285,116,96,293,20,17,188,494,389,418,6,39,182,434,482,144,10,63,511,74,128,38,71,49,2,0.6105047748976807,0.5338983050847458,0.4491525423728813,0.5508474576271186,116.1,124.1,-8.1,0.44,3.08,0.037,10.3,0.262,0.128,17.948717948717952,22.222222222222225,14.529914529914532,4.273504273504273,41.02564102564102,0.0,74,164,108.13
1630530,Trey Murphy III,Trey,1610612740,NOP,26.0,66,21,45,0.318,35.5,7.5,15.9,0.47,3.2,8.6,0.379,3.3,3.7,0.886,1.0,4.8,5.7,3.8,1.8,1.5,0.4,0.4,2.1,2.9,21.5,-2.6,37.8,4,0,38.0,40.4,157,292,36,436,6,29,36,244,8,9,159,59,73,78,214,68,86,86,99,25,232,267,177,79,29,427,43,114,38,36,44,1,0.6133044272021908,0.5723270440251572,0.5408805031446541,0.2327044025157232,113.6,117.2,-3.6,0.16,2.08,0.078,7.9,0.223,0.122,25.78616352201258,14.465408805031446,5.660377358490567,5.660377358490567,48.42767295597485,0.0,80,220,101.71
1629639,Tyler Herro,Tyler,1610612748,MIA,26.0,33,14,19,0.424,31.3,7.5,15.6,0.48,2.5,6.7,0.378,3.0,3.3,0.917,0.4,4.4,4.8,4.1,1.9,0.7,0.4,0.6,1.9,2.6,20.5,-1.2,33.7,0,0,34.1,36.7,398,374,333,372,62,29,38,213,42,41,161,72,93,42,419,83,153,70,84,265,232,113,237,105,38,343,65,284,38,49,66,1,0.6011025099695051,0.5608974358974359,0.4294871794871795,0.2115384615384615,114.4,116.4,-2.0,0.199,2.13,0.071,8.4,0.248,0.122,12.25806451612903,32.258064516129025,12.25806451612903,5.161290322580645,38.064516129032256,0.0,77,195,103.33
1630178,Tyrese Maxey,Tyrese,1610612755,PHI,25.0,70,38,32,0.543,38.0,9.9,21.4,0.462,3.1,8.6,0.367,5.3,6.0,0.892,0.3,3.8,4.1,6.6,2.4,1.9,0.8,1.0,2.2,4.1,28.3,1.6,48.6,7,0,47.4,53.5,105,128,149,262,1,5,3,270,12,10,197,21,27,68,464,129,186,22,47,10,79,24,156,38,5,150,6,72,38,5,6,1,0.5886023294509152,0.5350467289719627,0.4018691588785046,0.2803738317757009,115.0,113.4,1.5,0.288,2.7,0.052,7.4,0.286,0.15,28.37209302325581,19.53488372093023,12.093023255813954,3.255813953488372,36.74418604651163,0.0,74,200,100.25
1641705,Victor Wembanyama,Victor,1610612759,SAS,22.0,64,50,14,0.781,29.2,8.6,16.9,0.512,1.9,5.5,0.349,5.8,7.0,0.827,2.0,9.5,11.5,3.1,2.4,1.0,3.1,0.5,2.4,6.3,25.0,10.7,53.4,42,1,49.7,55.0,180,32,397,30,107,17,25,135,100,87,261,14,15,181,61,3,4,132,51,113,1,169,92,7,17,3,3,4,23,3,5,1,0.6256256256256257,0.5650887573964497,0.3254437869822486,0.4142011834319527,120.5,103.6,17.0,0.17,1.28,0.186,9.5,0.316,0.209,35.502958579881664,14.792899408284024,17.15976331360947,2.9585798816568047,29.585798816568047,0.0,88,235,102.23
203897,Zach LaVine,Zach,1610612758,SAC,31.0,39,9,30,0.231,31.4,6.7,14.0,0.479,2.5,6.5,0.39,3.2,3.6,0.88,0.2,2.6,2.8,2.3,1.9,0.7,0.3,0.6,2.1,2.5,19.2,-7.9,27.0,0,0,28.7,29.4,368,432,172,507,59,58,56,216,44,48,121,66,75,81,530,253,329,206,88,255,312,111,185,119,53,566,128,284,38,103,128,1,0.6160164271047228,0.5678571428571428,0.4642857142857143,0.2571428571428572,109.3,121.9,-12.6,0.111,1.2,0.044,9.6,0.234,0.096,21.98581560283688,13.475177304964536,17.730496453900706,9.929078014184396,36.87943262411347,0.0,77,200,100.47
1629627,Zion Williamson,Zion,1610612740,NOP,25.0,62,22,40,0.355,29.7,7.8,13.0,0.6,0.0,0.1,0.25,5.4,7.5,0.716,2.0,3.7,5.7,3.2,2.0,1.0,0.5,1.3,2.3,5.2,21.0,-1.3,35.2,6,0,33.0,37.7,201,277,69,407,96,28,77,56,513,538,458,19,10,398,62,138,87,126,79,137,136,3,128,15,33,357,52,84,38,64,58,1,0.6441717791411042,0.6,0.0076923076923076,0.5769230769230769,113.0,114.9,-1.9,0.174,1.58,0.09,9.4,0.25,0.141,67.6923076923077,30.0,1.5384615384615383,0.0,0.7692307692307693,0.0,78,277,103.58
