PLAYER_ID,PLAYER_NAME
1628983,Shai Gilgeous-Alexander
1629029,Luka Dončić
1630162,Anthony Edwards
1626164,Devin Booker
1628973,Jalen Brunson
1627759,Jaylen Brown
1628369,Jayson Tatum
201142,Kevin Durant
202695,Kawhi Leonard
202710,Jimmy Butler III
2544,LeBron James
1628378,Donovan Mitchell
1629630,Ja Morant
1628368,De'Aaron Fox
1630178,Tyrese Maxey
1630595,Cade Cunningham
1629027,Trae Young
1627750,Jamal Murray
201939,Stephen Curry
203999,Nikola Jokić
1630163,LaMelo Ball
1629636,Darius Garland
1631114,Jalen Williams
1630217,Desmond Bane
1627742,Brandon Ingram
1628969,Mikal Bridges
1628384,OG Anunoby
1629628,RJ Barrett
1630567,Scottie Barnes
1631094,Paolo Banchero
1630532,Franz Wagner
1630552,Jalen Johnson
203944,Julius Randle
1630166,Deni Avdija
1641706,Brandon Miller
1630560,Cam Thomas
1629014,Anfernee Simons
1629673,Jordan Poole
1629639,Tyler Herro
1627749,Dejounte Murray
203468,CJ McCollum
201942,DeMar DeRozan
1629008,Michael Porter Jr.
203897,Zach LaVine
1626181,Norman Powell
203078,Bradley Beal
203114,Khris Middleton
203952,Andrew Wiggins
203932,Aaron Gordon
203924,Jerami Grant
1628970,Miles Bridges
1630530,Trey Murphy III
1630183,Jaden McDaniels
1630559,Austin Reaves
1629012,Collin Sexton
203903,Jordan Clarkson
1627741,Buddy Hield
202691,Klay Thompson
203084,Harrison Barnes
1629627,Zion Williamson
1627783,Pascal Siakam
1628374,Lauri Markkanen
1631096,Chet Holmgren
1628389,Bam Adebayo
202331,Paul George
201950,Jrue Holiday
1630224,Jalen Green
1641708,Amen Thompson
1630170,Devin Vassell
1641705,Victor Wembanyama
